epi_week,adm2,lineage,count
62,ABERDEEN,B.1.1.7,31
62,ABERDEENSHIRE,B.1.1.7,20
62,ANGLESEY,B.1.1.7,15
62,ANGUS,B.1.1.7,18
62,ANTRIM_AND_NEWTOWNABBEY,B.1.1.7,11
62,ARGYLL_AND_BUTE,B.1.1.7,4
62,ARMAGH_BANBRIDGE_AND_CRAIGAVON,B.1.1.7,11
62,BARNSLEY,B.1.1.7,28
62,BEDFORDSHIRE,B.1.1.7,71
62,BELFAST,B.1.1.7,20
62,BIRMINGHAM,B.1.1.7,122
62,BLACKPOOL,B.1.1.7,6
62,BLAENAU_GWENT,B.1.1.7,9
62,BOLTON,B.1.1.7,62
62,BRACKNELL_FOREST,B.1.1.7,15
62,BRADFORD,B.1.1.7,220
62,BRIDGEND,B.1.1.7,14
62,BRIGHTON_AND_HOVE,B.1.1.7,3
62,BRISTOL,B.1.1.7,42
62,BUCKINGHAMSHIRE,B.1.1.7,131
62,BURY,B.1.1.7,21
62,CAERPHILLY,B.1.1.7,30
62,CALDERDALE,B.1.1.7,38
62,CAMBRIDGESHIRE,B.1.1.7,98
62,CARDIFF,B.1.1.7,54
62,CARMARTHENSHIRE,B.1.1.7,24
62,CAUSEWAY_COAST_AND_GLENS,B.1.1.7,5
62,CEREDIGION,B.1.1.7,2
62,CHESHIRE_EAST,B.1.1.7,18
62,CHESHIRE_WEST_AND_CHESTER,B.1.1.7,38
62,CLACKMANNANSHIRE,B.1.1.7,27
62,CONWY,B.1.1.7,34
62,CORNWALL,B.1.1.7,11
62,COVENTRY,B.1.1.7,3
62,CUMBRIA,B.1.1.7,46
62,DENBIGHSHIRE,B.1.1.7,10
62,DERBY,B.1.1.7,4
62,DERBYSHIRE,B.1.1.7,176
62,DERRY_AND_STRABANE,B.1.1.7,6
62,DEVON,B.1.1.7,142
62,DONCASTER,B.1.1.7,65
62,DORSET,B.1.1.7,25
62,DUDLEY,B.1.1.7,13
62,DUMFRIES_AND_GALLOWAY,B.1.1.7,4
62,DUNDEE,B.1.1.7,79
62,DURHAM,B.1.1.7,258
62,EAST_AYRSHIRE,B.1.1.7,17
62,EAST_DUNBARTONSHIRE,B.1.1.7,13
62,EAST_LOTHIAN,B.1.1.7,28
62,EAST_RENFREWSHIRE,B.1.1.7,67
62,EAST_RIDING_OF_YORKSHIRE,B.1.1.7,264
62,EAST_SUSSEX,B.1.1.7,39
62,EDINBURGH,B.1.1.7,76
62,EILEAN_SIAR,B.1.1.7,1
62,ESSEX,B.1.1.7,195
62,FALKIRK,B.1.1.7,85
62,FERMANAGH_AND_OMAGH,B.1.1.7,2
62,FIFE,B.1.1.7,72
62,FLINTSHIRE,B.1.1.7,28
62,GATESHEAD,B.1.1.7,12
62,GLASGOW,B.1.1.7,392
62,GLOUCESTERSHIRE,B.1.1.7,38
62,GREATER_LONDON,B.1.1.7,975
62,GWYNEDD,B.1.1.7,36
62,HAMPSHIRE,B.1.1.7,157
62,HEREFORDSHIRE,B.1.1.7,3
62,HERTFORDSHIRE,B.1.1.7,208
62,HIGHLAND,B.1.1.7,38
62,INVERCLYDE,B.1.1.7,8
62,ISLES_OF_SCILLY,B.1.1.7,1
62,ISLE_OF_WIGHT,B.1.1.7,1
62,KENT,B.1.1.7,186
62,KIRKLEES,B.1.1.7,64
62,KNOWSLEY,B.1.1.7,11
62,LANCASHIRE,B.1.1.7,371
62,LEEDS,B.1.1.7,296
62,LEICESTERSHIRE,B.1.1.7,144
62,LINCOLNSHIRE,B.1.1.7,185
62,LISBURN_AND_CASTLEREAGH,B.1.1.7,1
62,MANCHESTER,B.1.1.7,63
62,MEDWAY,B.1.1.7,10
62,MERTHYR_TYDFIL,B.1.1.7,30
62,MIDDLESBROUGH,B.1.1.7,22
62,MIDLOTHIAN,B.1.1.7,16
62,MID_AND_EAST_ANTRIM,B.1.1.7,5
62,MID_ULSTER,B.1.1.7,7
62,MILTON_KEYNES,B.1.1.7,29
62,MONMOUTHSHIRE,B.1.1.7,10
62,MORAY,B.1.1.7,12
62,NEATH_PORT_TALBOT,B.1.1.7,8
62,NEWCASTLE_UPON_TYNE,B.1.1.7,65
62,NEWPORT,B.1.1.7,28
62,NEWRY_MOURNE_AND_DOWN,B.1.1.7,5
62,NORFOLK,B.1.1.7,70
62,NORTHAMPTONSHIRE,B.1.1.7,123
62,NORTHUMBERLAND,B.1.1.7,95
62,NORTH_AYRSHIRE,B.1.1.7,47
62,NORTH_DOWN_AND_ARDS,B.1.1.7,8
62,NORTH_LANARKSHIRE,B.1.1.7,178
62,NORTH_LINCOLNSHIRE,B.1.1.7,18
62,NORTH_TYNESIDE,B.1.1.7,31
62,NORTH_YORKSHIRE,B.1.1.7,162
62,NOTTINGHAM,B.1.1.7,3
62,NOTTINGHAMSHIRE,B.1.1.7,179
62,NOT_FOUND,B.1.1.7,7
62,OLDHAM,B.1.1.7,50
62,OXFORDSHIRE,B.1.1.7,55
62,PEMBROKESHIRE,B.1.1.7,1
62,PERTHSHIRE_AND_KINROSS,B.1.1.7,35
62,PETERBOROUGH,B.1.1.7,43
62,PLYMOUTH,B.1.1.7,4
62,PORTSMOUTH,B.1.1.7,11
62,POWYS,B.1.1.7,24
62,REDCAR_AND_CLEVELAND,B.1.1.7,18
62,RENFREWSHIRE,B.1.1.7,62
62,RHONDDA_CYNON_TAFF,B.1.1.7,15
62,ROCHDALE,B.1.1.7,26
62,ROTHERHAM,B.1.1.7,40
62,RUTLAND,B.1.1.7,6
62,SAINT_HELENS,B.1.1.7,1
62,SALFORD,B.1.1.7,53
62,SANDWELL,B.1.1.7,16
62,SCOTTISH_BORDERS,B.1.1.7,12
62,SEFTON,B.1.1.7,32
62,SHEFFIELD,B.1.1.7,139
62,SHROPSHIRE,B.1.1.7,20
62,SOMERSET,B.1.1.7,74
62,SOUTHAMPTON,B.1.1.7,2
62,SOUTHEND-ON-SEA,B.1.1.7,4
62,SOUTH_AYRSHIRE,B.1.1.7,16
62,SOUTH_LANARKSHIRE,B.1.1.7,121
62,SOUTH_TYNESIDE,B.1.1.7,42
62,STAFFORDSHIRE,B.1.1.7,195
62,STIRLING,B.1.1.7,65
62,STOCKPORT,B.1.1.7,10
62,SUFFOLK,B.1.1.7,40
62,SUNDERLAND,B.1.1.7,62
62,SURREY,B.1.1.7,106
62,SWANSEA,B.1.1.7,19
62,SWINDON,B.1.1.7,7
62,TAMESIDE,B.1.1.7,51
62,TELFORD_AND_WREKIN,B.1.1.7,1
62,THURROCK,B.1.1.7,5
62,TORFAEN,B.1.1.7,7
62,TRAFFORD,B.1.1.7,28
62,VALE_OF_GLAMORGAN,B.1.1.7,19
62,WAKEFIELD,B.1.1.7,58
62,WALSALL,B.1.1.7,11
62,WARRINGTON,B.1.1.7,4
62,WARWICKSHIRE,B.1.1.7,52
62,WEST_BERKSHIRE,B.1.1.7,7
62,WEST_DUNBARTONSHIRE,B.1.1.7,16
62,WEST_LOTHIAN,B.1.1.7,94
62,WEST_MIDLANDS,B.1.1.7,9
62,WEST_SUSSEX,B.1.1.7,77
62,WIGAN,B.1.1.7,37
62,WILTSHIRE,B.1.1.7,40
62,WIRRAL,B.1.1.7,45
62,WOKINGHAM,B.1.1.7,12
62,WOLVERHAMPTON,B.1.1.7,2
62,WORCESTERSHIRE,B.1.1.7,59
62,WREXHAM,B.1.1.7,36
62,YORK,B.1.1.7,7
62,DERBYSHIRE,B.1.1.7_travel,1
62,DORSET,B.1.1.7_travel,1
62,GREATER_LONDON,B.1.1.7_travel,5
62,LEICESTERSHIRE,B.1.1.7_travel,1
62,LINCOLNSHIRE,B.1.1.7_travel,1
62,WARWICKSHIRE,B.1.1.7_travel,1
62,WOLVERHAMPTON,B.1.1.7_travel,2
63,ABERDEEN,B.1.1.7,67
63,ABERDEENSHIRE,B.1.1.7,48
63,ANGLESEY,B.1.1.7,61
63,ANGUS,B.1.1.7,20
63,ANTRIM_AND_NEWTOWNABBEY,B.1.1.7,10
63,ARGYLL_AND_BUTE,B.1.1.7,5
63,ARMAGH_BANBRIDGE_AND_CRAIGAVON,B.1.1.7,13
63,BARNSLEY,B.1.1.7,54
63,BEDFORDSHIRE,B.1.1.7,104
63,BELFAST,B.1.1.7,25
63,BIRMINGHAM,B.1.1.7,171
63,BLACKPOOL,B.1.1.7,4
63,BLAENAU_GWENT,B.1.1.7,24
63,BOLTON,B.1.1.7,36
63,BRACKNELL_FOREST,B.1.1.7,9
63,BRADFORD,B.1.1.7,256
63,BRIDGEND,B.1.1.7,14
63,BRIGHTON_AND_HOVE,B.1.1.7,5
63,BRISTOL,B.1.1.7,55
63,BUCKINGHAMSHIRE,B.1.1.7,141
63,BURY,B.1.1.7,7
63,CAERPHILLY,B.1.1.7,53
63,CALDERDALE,B.1.1.7,52
63,CAMBRIDGESHIRE,B.1.1.7,151
63,CARDIFF,B.1.1.7,55
63,CARMARTHENSHIRE,B.1.1.7,38
63,CAUSEWAY_COAST_AND_GLENS,B.1.1.7,6
63,CENTRAL_BEDFORDSHIRE,B.1.1.7,4
63,CEREDIGION,B.1.1.7,2
63,CHESHIRE_EAST,B.1.1.7,22
63,CHESHIRE_WEST_AND_CHESTER,B.1.1.7,20
63,CLACKMANNANSHIRE,B.1.1.7,38
63,CONWY,B.1.1.7,41
63,CORNWALL,B.1.1.7,23
63,COVENTRY,B.1.1.7,9
63,CUMBRIA,B.1.1.7,81
63,DENBIGHSHIRE,B.1.1.7,24
63,DERBY,B.1.1.7,5
63,DERBYSHIRE,B.1.1.7,184
63,DERRY_AND_STRABANE,B.1.1.7,8
63,DEVON,B.1.1.7,115
63,DONCASTER,B.1.1.7,91
63,DORSET,B.1.1.7,19
63,DUDLEY,B.1.1.7,15
63,DUMFRIES_AND_GALLOWAY,B.1.1.7,8
63,DUNDEE,B.1.1.7,80
63,DURHAM,B.1.1.7,468
63,EAST_AYRSHIRE,B.1.1.7,57
63,EAST_DUNBARTONSHIRE,B.1.1.7,44
63,EAST_LOTHIAN,B.1.1.7,54
63,EAST_RENFREWSHIRE,B.1.1.7,88
63,EAST_RIDING_OF_YORKSHIRE,B.1.1.7,380
63,EAST_SUSSEX,B.1.1.7,43
63,EDINBURGH,B.1.1.7,158
63,ESSEX,B.1.1.7,200
63,FALKIRK,B.1.1.7,106
63,FERMANAGH_AND_OMAGH,B.1.1.7,4
63,FIFE,B.1.1.7,170
63,FLINTSHIRE,B.1.1.7,71
63,GATESHEAD,B.1.1.7,33
63,GLASGOW,B.1.1.7,684
63,GLOUCESTERSHIRE,B.1.1.7,44
63,GREATER_LONDON,B.1.1.7,1174
63,GWYNEDD,B.1.1.7,45
63,HAMPSHIRE,B.1.1.7,140
63,HEREFORDSHIRE,B.1.1.7,16
63,HERTFORDSHIRE,B.1.1.7,173
63,HIGHLAND,B.1.1.7,60
63,INVERCLYDE,B.1.1.7,14
63,ISLES_OF_SCILLY,B.1.1.7,1
63,ISLE_OF_WIGHT,B.1.1.7,2
63,KENT,B.1.1.7,195
63,KINGSTON_UPON_HULL,B.1.1.7,1
63,KIRKLEES,B.1.1.7,69
63,KNOWSLEY,B.1.1.7,2
63,LANCASHIRE,B.1.1.7,317
63,LEEDS,B.1.1.7,366
63,LEICESTERSHIRE,B.1.1.7,294
63,LINCOLNSHIRE,B.1.1.7,374
63,LISBURN_AND_CASTLEREAGH,B.1.1.7,7
63,MANCHESTER,B.1.1.7,79
63,MEDWAY,B.1.1.7,6
63,MERTHYR_TYDFIL,B.1.1.7,67
63,MIDDLESBROUGH,B.1.1.7,46
63,MIDLOTHIAN,B.1.1.7,46
63,MID_AND_EAST_ANTRIM,B.1.1.7,8
63,MID_ULSTER,B.1.1.7,7
63,MILTON_KEYNES,B.1.1.7,53
63,MONMOUTHSHIRE,B.1.1.7,5
63,MORAY,B.1.1.7,13
63,NEATH_PORT_TALBOT,B.1.1.7,28
63,NEWCASTLE_UPON_TYNE,B.1.1.7,109
63,NEWPORT,B.1.1.7,45
63,NEWRY_MOURNE_AND_DOWN,B.1.1.7,13
63,NORFOLK,B.1.1.7,117
63,NORTHAMPTONSHIRE,B.1.1.7,227
63,NORTHUMBERLAND,B.1.1.7,113
63,NORTH_AYRSHIRE,B.1.1.7,105
63,NORTH_DOWN_AND_ARDS,B.1.1.7,14
63,NORTH_LANARKSHIRE,B.1.1.7,301
63,NORTH_LINCOLNSHIRE,B.1.1.7,26
63,NORTH_TYNESIDE,B.1.1.7,70
63,NORTH_YORKSHIRE,B.1.1.7,229
63,NOTTINGHAM,B.1.1.7,2
63,NOTTINGHAMSHIRE,B.1.1.7,269
63,OLDHAM,B.1.1.7,67
63,OTHER,B.1.1.7,1
63,OXFORDSHIRE,B.1.1.7,71
63,PEMBROKESHIRE,B.1.1.7,9
63,PERTHSHIRE_AND_KINROSS,B.1.1.7,50
63,PETERBOROUGH,B.1.1.7,72
63,PLYMOUTH,B.1.1.7,5
63,PORTSMOUTH,B.1.1.7,10
63,POWYS,B.1.1.7,28
63,REDCAR_AND_CLEVELAND,B.1.1.7,15
63,RENFREWSHIRE,B.1.1.7,143
63,RHONDDA_CYNON_TAFF,B.1.1.7,36
63,ROCHDALE,B.1.1.7,20
63,ROTHERHAM,B.1.1.7,37
63,RUTLAND,B.1.1.7,4
63,SAINT_HELENS,B.1.1.7,1
63,SALFORD,B.1.1.7,37
63,SANDWELL,B.1.1.7,31
63,SCOTTISH_BORDERS,B.1.1.7,9
63,SEFTON,B.1.1.7,22
63,SHEFFIELD,B.1.1.7,188
63,SHROPSHIRE,B.1.1.7,11
63,SOLIHULL,B.1.1.7,3
63,SOMERSET,B.1.1.7,44
63,SOUTHAMPTON,B.1.1.7,1
63,SOUTHEND-ON-SEA,B.1.1.7,2
63,SOUTH_AYRSHIRE,B.1.1.7,117
63,SOUTH_LANARKSHIRE,B.1.1.7,180
63,SOUTH_TYNESIDE,B.1.1.7,69
63,STAFFORDSHIRE,B.1.1.7,221
63,STIRLING,B.1.1.7,83
63,STOCKPORT,B.1.1.7,30
63,STOCKTON-ON-TEES,B.1.1.7,1
63,SUFFOLK,B.1.1.7,74
63,SUNDERLAND,B.1.1.7,99
63,SURREY,B.1.1.7,143
63,SWANSEA,B.1.1.7,67
63,SWINDON,B.1.1.7,7
63,TAMESIDE,B.1.1.7,56
63,TELFORD_AND_WREKIN,B.1.1.7,8
63,THURROCK,B.1.1.7,11
63,TORFAEN,B.1.1.7,16
63,TRAFFORD,B.1.1.7,21
63,VALE_OF_GLAMORGAN,B.1.1.7,31
63,WAKEFIELD,B.1.1.7,99
63,WALSALL,B.1.1.7,13
63,WARRINGTON,B.1.1.7,10
63,WARWICKSHIRE,B.1.1.7,107
63,WEST_BERKSHIRE,B.1.1.7,3
63,WEST_DUNBARTONSHIRE,B.1.1.7,27
63,WEST_LOTHIAN,B.1.1.7,127
63,WEST_MIDLANDS,B.1.1.7,23
63,WEST_SUSSEX,B.1.1.7,96
63,WIGAN,B.1.1.7,41
63,WILTSHIRE,B.1.1.7,33
63,WIRRAL,B.1.1.7,17
63,WOKINGHAM,B.1.1.7,11
63,WOLVERHAMPTON,B.1.1.7,5
63,WORCESTERSHIRE,B.1.1.7,90
63,WREXHAM,B.1.1.7,22
63,YORK,B.1.1.7,10
63,BIRMINGHAM,B.1.1.7_travel,1
63,CAMBRIDGESHIRE,B.1.1.7_travel,1
63,DEVON,B.1.1.7_travel,1
63,DONCASTER,B.1.1.7_travel,1
63,DUDLEY,B.1.1.7_travel,2
63,GREATER_LONDON,B.1.1.7_travel,9
63,HAMPSHIRE,B.1.1.7_travel,1
63,HERTFORDSHIRE,B.1.1.7_travel,1
63,KENT,B.1.1.7_travel,2
63,LEICESTERSHIRE,B.1.1.7_travel,4
63,LINCOLNSHIRE,B.1.1.7_travel,1
63,SANDWELL,B.1.1.7_travel,1
63,THURROCK,B.1.1.7_travel,1
63,WALSALL,B.1.1.7_travel,1
64,ABERDEEN,B.1.1.7,57
64,ABERDEENSHIRE,B.1.1.7,53
64,ANGLESEY,B.1.1.7,50
64,ANGUS,B.1.1.7,12
64,ANTRIM_AND_NEWTOWNABBEY,B.1.1.7,3
64,ARGYLL_AND_BUTE,B.1.1.7,5
64,ARMAGH_BANBRIDGE_AND_CRAIGAVON,B.1.1.7,7
64,BARNSLEY,B.1.1.7,39
64,BEDFORDSHIRE,B.1.1.7,43
64,BELFAST,B.1.1.7,9
64,BIRMINGHAM,B.1.1.7,151
64,BLACKBURN_WITH_DARWEN,B.1.1.7,1
64,BLACKPOOL,B.1.1.7,7
64,BLAENAU_GWENT,B.1.1.7,31
64,BOLTON,B.1.1.7,79
64,BRACKNELL_FOREST,B.1.1.7,3
64,BRADFORD,B.1.1.7,281
64,BRIDGEND,B.1.1.7,18
64,BRIGHTON_AND_HOVE,B.1.1.7,7
64,BRISTOL,B.1.1.7,35
64,BUCKINGHAMSHIRE,B.1.1.7,53
64,BURY,B.1.1.7,45
64,CAERPHILLY,B.1.1.7,54
64,CALDERDALE,B.1.1.7,59
64,CAMBRIDGESHIRE,B.1.1.7,173
64,CARDIFF,B.1.1.7,66
64,CARMARTHENSHIRE,B.1.1.7,32
64,CAUSEWAY_COAST_AND_GLENS,B.1.1.7,1
64,CENTRAL_BEDFORDSHIRE,B.1.1.7,2
64,CEREDIGION,B.1.1.7,5
64,CHESHIRE_EAST,B.1.1.7,27
64,CHESHIRE_WEST_AND_CHESTER,B.1.1.7,25
64,CLACKMANNANSHIRE,B.1.1.7,34
64,CONWY,B.1.1.7,35
64,CORNWALL,B.1.1.7,23
64,COVENTRY,B.1.1.7,2
64,CUMBRIA,B.1.1.7,46
64,DENBIGHSHIRE,B.1.1.7,18
64,DERBY,B.1.1.7,1
64,DERBYSHIRE,B.1.1.7,197
64,DERRY_AND_STRABANE,B.1.1.7,5
64,DEVON,B.1.1.7,120
64,DONCASTER,B.1.1.7,89
64,DORSET,B.1.1.7,8
64,DUDLEY,B.1.1.7,38
64,DUMFRIES_AND_GALLOWAY,B.1.1.7,5
64,DUNDEE,B.1.1.7,112
64,DURHAM,B.1.1.7,307
64,EAST_AYRSHIRE,B.1.1.7,42
64,EAST_DUNBARTONSHIRE,B.1.1.7,36
64,EAST_LOTHIAN,B.1.1.7,31
64,EAST_RENFREWSHIRE,B.1.1.7,72
64,EAST_RIDING_OF_YORKSHIRE,B.1.1.7,403
64,EAST_SUSSEX,B.1.1.7,36
64,EDINBURGH,B.1.1.7,169
64,ESSEX,B.1.1.7,189
64,FALKIRK,B.1.1.7,108
64,FIFE,B.1.1.7,155
64,FLINTSHIRE,B.1.1.7,68
64,GATESHEAD,B.1.1.7,17
64,GLASGOW,B.1.1.7,505
64,GLOUCESTERSHIRE,B.1.1.7,24
64,GREATER_LONDON,B.1.1.7,754
64,GWYNEDD,B.1.1.7,22
64,HAMPSHIRE,B.1.1.7,98
64,HEREFORDSHIRE,B.1.1.7,9
64,HERTFORDSHIRE,B.1.1.7,94
64,HIGHLAND,B.1.1.7,38
64,INVERCLYDE,B.1.1.7,15
64,ISLE_OF_WIGHT,B.1.1.7,6
64,KENT,B.1.1.7,157
64,KINGSTON_UPON_HULL,B.1.1.7,1
64,KIRKLEES,B.1.1.7,110
64,KNOWSLEY,B.1.1.7,1
64,LANCASHIRE,B.1.1.7,432
64,LEEDS,B.1.1.7,379
64,LEICESTERSHIRE,B.1.1.7,369
64,LINCOLNSHIRE,B.1.1.7,484
64,LISBURN_AND_CASTLEREAGH,B.1.1.7,1
64,MANCHESTER,B.1.1.7,84
64,MEDWAY,B.1.1.7,5
64,MERTHYR_TYDFIL,B.1.1.7,47
64,MIDDLESBROUGH,B.1.1.7,11
64,MIDLOTHIAN,B.1.1.7,36
64,MID_AND_EAST_ANTRIM,B.1.1.7,2
64,MID_ULSTER,B.1.1.7,3
64,MILTON_KEYNES,B.1.1.7,13
64,MONMOUTHSHIRE,B.1.1.7,8
64,MORAY,B.1.1.7,18
64,NEATH_PORT_TALBOT,B.1.1.7,47
64,NEWCASTLE_UPON_TYNE,B.1.1.7,69
64,NEWPORT,B.1.1.7,41
64,NEWRY_MOURNE_AND_DOWN,B.1.1.7,2
64,NORFOLK,B.1.1.7,107
64,NORTHAMPTONSHIRE,B.1.1.7,192
64,NORTHUMBERLAND,B.1.1.7,125
64,NORTH_AYRSHIRE,B.1.1.7,87
64,NORTH_DOWN_AND_ARDS,B.1.1.7,9
64,NORTH_LANARKSHIRE,B.1.1.7,252
64,NORTH_LINCOLNSHIRE,B.1.1.7,51
64,NORTH_TYNESIDE,B.1.1.7,47
64,NORTH_YORKSHIRE,B.1.1.7,225
64,NOTTINGHAM,B.1.1.7,3
64,NOTTINGHAMSHIRE,B.1.1.7,400
64,OLDHAM,B.1.1.7,89
64,OTHER,B.1.1.7,2
64,OXFORDSHIRE,B.1.1.7,57
64,PEMBROKESHIRE,B.1.1.7,15
64,PERTHSHIRE_AND_KINROSS,B.1.1.7,77
64,PETERBOROUGH,B.1.1.7,76
64,PLYMOUTH,B.1.1.7,6
64,PORTSMOUTH,B.1.1.7,5
64,POWYS,B.1.1.7,11
64,REDCAR_AND_CLEVELAND,B.1.1.7,13
64,RENFREWSHIRE,B.1.1.7,114
64,RHONDDA_CYNON_TAFF,B.1.1.7,32
64,ROCHDALE,B.1.1.7,32
64,ROTHERHAM,B.1.1.7,47
64,RUTLAND,B.1.1.7,5
64,SAINT_HELENS,B.1.1.7,5
64,SALFORD,B.1.1.7,78
64,SANDWELL,B.1.1.7,45
64,SCOTTISH_BORDERS,B.1.1.7,4
64,SEFTON,B.1.1.7,22
64,SHEFFIELD,B.1.1.7,267
64,SHETLAND_ISLANDS,B.1.1.7,11
64,SHROPSHIRE,B.1.1.7,17
64,SOMERSET,B.1.1.7,49
64,SOUTHAMPTON,B.1.1.7,1
64,SOUTHEND-ON-SEA,B.1.1.7,4
64,SOUTH_AYRSHIRE,B.1.1.7,50
64,SOUTH_LANARKSHIRE,B.1.1.7,179
64,SOUTH_TYNESIDE,B.1.1.7,68
64,STAFFORDSHIRE,B.1.1.7,253
64,STIRLING,B.1.1.7,46
64,STOCKPORT,B.1.1.7,25
64,SUFFOLK,B.1.1.7,76
64,SUNDERLAND,B.1.1.7,50
64,SURREY,B.1.1.7,94
64,SWANSEA,B.1.1.7,80
64,SWINDON,B.1.1.7,6
64,TAMESIDE,B.1.1.7,90
64,TELFORD_AND_WREKIN,B.1.1.7,7
64,THURROCK,B.1.1.7,13
64,TORFAEN,B.1.1.7,6
64,TRAFFORD,B.1.1.7,23
64,VALE_OF_GLAMORGAN,B.1.1.7,25
64,WAKEFIELD,B.1.1.7,104
64,WALSALL,B.1.1.7,13
64,WARRINGTON,B.1.1.7,12
64,WARWICKSHIRE,B.1.1.7,142
64,WEST_DUNBARTONSHIRE,B.1.1.7,48
64,WEST_LOTHIAN,B.1.1.7,275
64,WEST_MIDLANDS,B.1.1.7,18
64,WEST_SUSSEX,B.1.1.7,52
64,WIGAN,B.1.1.7,30
64,WILTSHIRE,B.1.1.7,20
64,WIRRAL,B.1.1.7,27
64,WOKINGHAM,B.1.1.7,4
64,WOLVERHAMPTON,B.1.1.7,2
64,WORCESTERSHIRE,B.1.1.7,59
64,WREXHAM,B.1.1.7,30
64,YORK,B.1.1.7,17
64,ESSEX,B.1.1.7_travel,2
64,GREATER_LONDON,B.1.1.7_travel,5
64,HERTFORDSHIRE,B.1.1.7_travel,2
64,KENT,B.1.1.7_travel,1
64,LANCASHIRE,B.1.1.7_travel,1
64,NORTHAMPTONSHIRE,B.1.1.7_travel,1
64,SANDWELL,B.1.1.7_travel,1
64,SURREY,B.1.1.7_travel,1
64,WARWICKSHIRE,B.1.1.7_travel,1
65,ABERDEEN,B.1.1.7,60
65,ABERDEENSHIRE,B.1.1.7,55
65,ANGLESEY,B.1.1.7,46
65,ANGUS,B.1.1.7,9
65,ANTRIM_AND_NEWTOWNABBEY,B.1.1.7,1
65,ARGYLL_AND_BUTE,B.1.1.7,2
65,ARMAGH_BANBRIDGE_AND_CRAIGAVON,B.1.1.7,11
65,BARNSLEY,B.1.1.7,30
65,BATH_AND_NORTH_EAST_SOMERSET,B.1.1.7,1
65,BEDFORDSHIRE,B.1.1.7,72
65,BELFAST,B.1.1.7,10
65,BIRMINGHAM,B.1.1.7,226
65,BLACKPOOL,B.1.1.7,4
65,BLAENAU_GWENT,B.1.1.7,13
65,BOLTON,B.1.1.7,103
65,BRACKNELL_FOREST,B.1.1.7,8
65,BRADFORD,B.1.1.7,283
65,BRIDGEND,B.1.1.7,9
65,BRIGHTON_AND_HOVE,B.1.1.7,2
65,BRISTOL,B.1.1.7,46
65,BUCKINGHAMSHIRE,B.1.1.7,84
65,BURY,B.1.1.7,19
65,CAERPHILLY,B.1.1.7,31
65,CALDERDALE,B.1.1.7,52
65,CAMBRIDGESHIRE,B.1.1.7,150
65,CARDIFF,B.1.1.7,64
65,CARMARTHENSHIRE,B.1.1.7,23
65,CENTRAL_BEDFORDSHIRE,B.1.1.7,3
65,CEREDIGION,B.1.1.7,2
65,CHESHIRE_EAST,B.1.1.7,36
65,CHESHIRE_WEST_AND_CHESTER,B.1.1.7,25
65,CLACKMANNANSHIRE,B.1.1.7,36
65,CONWY,B.1.1.7,28
65,CORNWALL,B.1.1.7,19
65,COVENTRY,B.1.1.7,4
65,CUMBRIA,B.1.1.7,51
65,DENBIGHSHIRE,B.1.1.7,22
65,DERBY,B.1.1.7,1
65,DERBYSHIRE,B.1.1.7,202
65,DERRY_AND_STRABANE,B.1.1.7,8
65,DEVON,B.1.1.7,117
65,DONCASTER,B.1.1.7,126
65,DORSET,B.1.1.7,11
65,DUDLEY,B.1.1.7,19
65,DUMFRIES_AND_GALLOWAY,B.1.1.7,18
65,DUNDEE,B.1.1.7,77
65,DURHAM,B.1.1.7,319
65,EAST_AYRSHIRE,B.1.1.7,31
65,EAST_DUNBARTONSHIRE,B.1.1.7,51
65,EAST_LOTHIAN,B.1.1.7,26
65,EAST_RENFREWSHIRE,B.1.1.7,51
65,EAST_RIDING_OF_YORKSHIRE,B.1.1.7,313
65,EAST_SUSSEX,B.1.1.7,29
65,EDINBURGH,B.1.1.7,148
65,ESSEX,B.1.1.7,216
65,FALKIRK,B.1.1.7,81
65,FERMANAGH_AND_OMAGH,B.1.1.7,1
65,FIFE,B.1.1.7,99
65,FLINTSHIRE,B.1.1.7,33
65,GATESHEAD,B.1.1.7,11
65,GLASGOW,B.1.1.7,386
65,GLOUCESTERSHIRE,B.1.1.7,12
65,GREATER_LONDON,B.1.1.7,838
65,GWYNEDD,B.1.1.7,45
65,HAMPSHIRE,B.1.1.7,88
65,HEREFORDSHIRE,B.1.1.7,8
65,HERTFORDSHIRE,B.1.1.7,141
65,HIGHLAND,B.1.1.7,19
65,INVERCLYDE,B.1.1.7,18
65,ISLE_OF_WIGHT,B.1.1.7,3
65,KENT,B.1.1.7,211
65,KIRKLEES,B.1.1.7,101
65,KNOWSLEY,B.1.1.7,7
65,LANCASHIRE,B.1.1.7,610
65,LEEDS,B.1.1.7,448
65,LEICESTERSHIRE,B.1.1.7,562
65,LINCOLNSHIRE,B.1.1.7,488
65,LISBURN_AND_CASTLEREAGH,B.1.1.7,3
65,MANCHESTER,B.1.1.7,139
65,MEDWAY,B.1.1.7,4
65,MERTHYR_TYDFIL,B.1.1.7,36
65,MIDDLESBROUGH,B.1.1.7,10
65,MIDLOTHIAN,B.1.1.7,32
65,MID_AND_EAST_ANTRIM,B.1.1.7,2
65,MID_ULSTER,B.1.1.7,3
65,MILTON_KEYNES,B.1.1.7,16
65,MONMOUTHSHIRE,B.1.1.7,7
65,MORAY,B.1.1.7,50
65,NA,B.1.1.7,1
65,NEATH_PORT_TALBOT,B.1.1.7,48
65,NEWCASTLE_UPON_TYNE,B.1.1.7,40
65,NEWPORT,B.1.1.7,23
65,NEWRY_MOURNE_AND_DOWN,B.1.1.7,2
65,NORFOLK,B.1.1.7,153
65,NORTHAMPTONSHIRE,B.1.1.7,269
65,NORTHUMBERLAND,B.1.1.7,93
65,NORTH_AYRSHIRE,B.1.1.7,66
65,NORTH_DOWN_AND_ARDS,B.1.1.7,2
65,NORTH_LANARKSHIRE,B.1.1.7,317
65,NORTH_LINCOLNSHIRE,B.1.1.7,35
65,NORTH_TYNESIDE,B.1.1.7,23
65,NORTH_YORKSHIRE,B.1.1.7,200
65,NOTTINGHAM,B.1.1.7,2
65,NOTTINGHAMSHIRE,B.1.1.7,481
65,OLDHAM,B.1.1.7,137
65,OTHER,B.1.1.7,4
65,OXFORDSHIRE,B.1.1.7,83
65,PEMBROKESHIRE,B.1.1.7,15
65,PERTHSHIRE_AND_KINROSS,B.1.1.7,37
65,PETERBOROUGH,B.1.1.7,58
65,PLYMOUTH,B.1.1.7,10
65,PORTSMOUTH,B.1.1.7,11
65,POWYS,B.1.1.7,6
65,REDCAR_AND_CLEVELAND,B.1.1.7,9
65,RENFREWSHIRE,B.1.1.7,106
65,RHONDDA_CYNON_TAFF,B.1.1.7,20
65,ROCHDALE,B.1.1.7,48
65,ROTHERHAM,B.1.1.7,72
65,RUTLAND,B.1.1.7,12
65,SALFORD,B.1.1.7,75
65,SANDWELL,B.1.1.7,39
65,SCOTTISH_BORDERS,B.1.1.7,6
65,SEFTON,B.1.1.7,26
65,SHEFFIELD,B.1.1.7,267
65,SHETLAND_ISLANDS,B.1.1.7,1
65,SHROPSHIRE,B.1.1.7,16
65,SOLIHULL,B.1.1.7,2
65,SOMERSET,B.1.1.7,82
65,SOUTHAMPTON,B.1.1.7,2
65,SOUTHEND-ON-SEA,B.1.1.7,4
65,SOUTH_AYRSHIRE,B.1.1.7,25
65,SOUTH_LANARKSHIRE,B.1.1.7,133
65,SOUTH_TYNESIDE,B.1.1.7,26
65,STAFFORDSHIRE,B.1.1.7,244
65,STIRLING,B.1.1.7,27
65,STOCKPORT,B.1.1.7,53
65,SUFFOLK,B.1.1.7,117
65,SUNDERLAND,B.1.1.7,44
65,SURREY,B.1.1.7,69
65,SWANSEA,B.1.1.7,105
65,SWINDON,B.1.1.7,2
65,TAMESIDE,B.1.1.7,129
65,TELFORD_AND_WREKIN,B.1.1.7,3
65,THURROCK,B.1.1.7,7
65,TORFAEN,B.1.1.7,17
65,TRAFFORD,B.1.1.7,41
65,VALE_OF_GLAMORGAN,B.1.1.7,17
65,WAKEFIELD,B.1.1.7,114
65,WALSALL,B.1.1.7,17
65,WARRINGTON,B.1.1.7,12
65,WARWICKSHIRE,B.1.1.7,197
65,WEST_BERKSHIRE,B.1.1.7,1
65,WEST_DUNBARTONSHIRE,B.1.1.7,49
65,WEST_LOTHIAN,B.1.1.7,157
65,WEST_MIDLANDS,B.1.1.7,19
65,WEST_SUSSEX,B.1.1.7,28
65,WIGAN,B.1.1.7,66
65,WILTSHIRE,B.1.1.7,26
65,WIRRAL,B.1.1.7,32
65,WOKINGHAM,B.1.1.7,3
65,WOLVERHAMPTON,B.1.1.7,5
65,WORCESTERSHIRE,B.1.1.7,86
65,WREXHAM,B.1.1.7,11
65,YORK,B.1.1.7,16
65,BUCKINGHAMSHIRE,B.1.1.7_travel,2
65,CAMBRIDGESHIRE,B.1.1.7_travel,1
65,DURHAM,B.1.1.7_travel,1
65,GREATER_LONDON,B.1.1.7_travel,4
65,OXFORDSHIRE,B.1.1.7_travel,1
65,SANDWELL,B.1.1.7_travel,1
66,ABERDEEN,B.1.1.7,47
66,ABERDEENSHIRE,B.1.1.7,46
66,ANGLESEY,B.1.1.7,18
66,ANGUS,B.1.1.7,19
66,ANTRIM_AND_NEWTOWNABBEY,B.1.1.7,3
66,ARGYLL_AND_BUTE,B.1.1.7,3
66,ARMAGH_BANBRIDGE_AND_CRAIGAVON,B.1.1.7,7
66,BARNSLEY,B.1.1.7,29
66,BEDFORDSHIRE,B.1.1.7,33
66,BELFAST,B.1.1.7,9
66,BIRMINGHAM,B.1.1.7,161
66,BLACKPOOL,B.1.1.7,3
66,BLAENAU_GWENT,B.1.1.7,6
66,BOLTON,B.1.1.7,68
66,BRACKNELL_FOREST,B.1.1.7,3
66,BRADFORD,B.1.1.7,214
66,BRIDGEND,B.1.1.7,1
66,BRISTOL,B.1.1.7,20
66,BUCKINGHAMSHIRE,B.1.1.7,29
66,BURY,B.1.1.7,36
66,CAERPHILLY,B.1.1.7,12
66,CALDERDALE,B.1.1.7,33
66,CAMBRIDGESHIRE,B.1.1.7,76
66,CARDIFF,B.1.1.7,77
66,CARMARTHENSHIRE,B.1.1.7,7
66,CAUSEWAY_COAST_AND_GLENS,B.1.1.7,2
66,CENTRAL_BEDFORDSHIRE,B.1.1.7,2
66,CHESHIRE_EAST,B.1.1.7,20
66,CHESHIRE_WEST_AND_CHESTER,B.1.1.7,12
66,CLACKMANNANSHIRE,B.1.1.7,85
66,CONWY,B.1.1.7,11
66,CORNWALL,B.1.1.7,11
66,COVENTRY,B.1.1.7,12
66,CUMBRIA,B.1.1.7,27
66,DENBIGHSHIRE,B.1.1.7,9
66,DERBY,B.1.1.7,2
66,DERBYSHIRE,B.1.1.7,165
66,DERRY_AND_STRABANE,B.1.1.7,6
66,DEVON,B.1.1.7,51
66,DONCASTER,B.1.1.7,86
66,DORSET,B.1.1.7,15
66,DUDLEY,B.1.1.7,25
66,DUNDEE,B.1.1.7,72
66,DURHAM,B.1.1.7,256
66,EAST_AYRSHIRE,B.1.1.7,56
66,EAST_DUNBARTONSHIRE,B.1.1.7,30
66,EAST_LOTHIAN,B.1.1.7,30
66,EAST_RENFREWSHIRE,B.1.1.7,23
66,EAST_RIDING_OF_YORKSHIRE,B.1.1.7,262
66,EAST_SUSSEX,B.1.1.7,21
66,EDINBURGH,B.1.1.7,130
66,ESSEX,B.1.1.7,120
66,FALKIRK,B.1.1.7,99
66,FERMANAGH_AND_OMAGH,B.1.1.7,4
66,FIFE,B.1.1.7,136
66,FLINTSHIRE,B.1.1.7,14
66,GATESHEAD,B.1.1.7,22
66,GLASGOW,B.1.1.7,355
66,GLOUCESTERSHIRE,B.1.1.7,12
66,GREATER_LONDON,B.1.1.7,593
66,GWYNEDD,B.1.1.7,18
66,HAMPSHIRE,B.1.1.7,80
66,HEREFORDSHIRE,B.1.1.7,5
66,HERTFORDSHIRE,B.1.1.7,100
66,HIGHLAND,B.1.1.7,28
66,INVERCLYDE,B.1.1.7,7
66,ISLE_OF_WIGHT,B.1.1.7,2
66,KENT,B.1.1.7,131
66,KINGSTON_UPON_HULL,B.1.1.7,4
66,KIRKLEES,B.1.1.7,75
66,LANCASHIRE,B.1.1.7,421
66,LEEDS,B.1.1.7,353
66,LEICESTERSHIRE,B.1.1.7,346
66,LINCOLNSHIRE,B.1.1.7,340
66,LISBURN_AND_CASTLEREAGH,B.1.1.7,2
66,MANCHESTER,B.1.1.7,97
66,MEDWAY,B.1.1.7,3
66,MERTHYR_TYDFIL,B.1.1.7,7
66,MIDDLESBROUGH,B.1.1.7,14
66,MIDLOTHIAN,B.1.1.7,33
66,MID_AND_EAST_ANTRIM,B.1.1.7,3
66,MID_ULSTER,B.1.1.7,5
66,MILTON_KEYNES,B.1.1.7,13
66,MONMOUTHSHIRE,B.1.1.7,6
66,MORAY,B.1.1.7,28
66,NEATH_PORT_TALBOT,B.1.1.7,22
66,NEWCASTLE_UPON_TYNE,B.1.1.7,54
66,NEWPORT,B.1.1.7,12
66,NEWRY_MOURNE_AND_DOWN,B.1.1.7,2
66,NORFOLK,B.1.1.7,62
66,NORTHAMPTONSHIRE,B.1.1.7,200
66,NORTHUMBERLAND,B.1.1.7,79
66,NORTH_AYRSHIRE,B.1.1.7,45
66,NORTH_DOWN_AND_ARDS,B.1.1.7,4
66,NORTH_LANARKSHIRE,B.1.1.7,246
66,NORTH_LINCOLNSHIRE,B.1.1.7,30
66,NORTH_TYNESIDE,B.1.1.7,34
66,NORTH_YORKSHIRE,B.1.1.7,141
66,NOTTINGHAM,B.1.1.7,2
66,NOTTINGHAMSHIRE,B.1.1.7,252
66,OLDHAM,B.1.1.7,94
66,OXFORDSHIRE,B.1.1.7,58
66,PEMBROKESHIRE,B.1.1.7,17
66,PERTHSHIRE_AND_KINROSS,B.1.1.7,46
66,PETERBOROUGH,B.1.1.7,37
66,PORTSMOUTH,B.1.1.7,7
66,POWYS,B.1.1.7,7
66,REDCAR_AND_CLEVELAND,B.1.1.7,1
66,RENFREWSHIRE,B.1.1.7,132
66,RHONDDA_CYNON_TAFF,B.1.1.7,22
66,ROCHDALE,B.1.1.7,34
66,ROTHERHAM,B.1.1.7,63
66,RUTLAND,B.1.1.7,9
66,SALFORD,B.1.1.7,47
66,SANDWELL,B.1.1.7,36
66,SCOTTISH_BORDERS,B.1.1.7,1
66,SEFTON,B.1.1.7,19
66,SHEFFIELD,B.1.1.7,214
66,SHROPSHIRE,B.1.1.7,25
66,SOLIHULL,B.1.1.7,2
66,SOMERSET,B.1.1.7,39
66,SOUTHAMPTON,B.1.1.7,5
66,SOUTHEND-ON-SEA,B.1.1.7,3
66,SOUTH_AYRSHIRE,B.1.1.7,15
66,SOUTH_LANARKSHIRE,B.1.1.7,124
66,SOUTH_TYNESIDE,B.1.1.7,24
66,STAFFORDSHIRE,B.1.1.7,168
66,STIRLING,B.1.1.7,39
66,STOCKPORT,B.1.1.7,43
66,SUFFOLK,B.1.1.7,53
66,SUNDERLAND,B.1.1.7,33
66,SURREY,B.1.1.7,38
66,SWANSEA,B.1.1.7,46
66,SWINDON,B.1.1.7,1
66,TAMESIDE,B.1.1.7,104
66,TELFORD_AND_WREKIN,B.1.1.7,8
66,THURROCK,B.1.1.7,1
66,TORFAEN,B.1.1.7,6
66,TRAFFORD,B.1.1.7,22
66,VALE_OF_GLAMORGAN,B.1.1.7,7
66,WAKEFIELD,B.1.1.7,105
66,WALSALL,B.1.1.7,9
66,WARRINGTON,B.1.1.7,14
66,WARWICKSHIRE,B.1.1.7,139
66,WEST_BERKSHIRE,B.1.1.7,5
66,WEST_DUNBARTONSHIRE,B.1.1.7,29
66,WEST_LOTHIAN,B.1.1.7,133
66,WEST_MIDLANDS,B.1.1.7,23
66,WEST_SUSSEX,B.1.1.7,33
66,WIGAN,B.1.1.7,40
66,WILTSHIRE,B.1.1.7,26
66,WIRRAL,B.1.1.7,26
66,WOLVERHAMPTON,B.1.1.7,2
66,WORCESTERSHIRE,B.1.1.7,81
66,WREXHAM,B.1.1.7,20
66,YORK,B.1.1.7,9
66,GREATER_LONDON,B.1.617.2,2
66,HERTFORDSHIRE,B.1.617.2,1
66,KENT,B.1.617.2,1
66,LEEDS,B.1.617.2,1
66,LEICESTERSHIRE,B.1.617.2,1
66,SEFTON,B.1.617.2,1
66,DURHAM,B.1.1.7_travel,1
66,GREATER_LONDON,B.1.1.7_travel,17
66,LEICESTERSHIRE,B.1.1.7_travel,4
66,OXFORDSHIRE,B.1.1.7_travel,1
66,SANDWELL,B.1.1.7_travel,2
66,WALSALL,B.1.1.7_travel,1
66,WARWICKSHIRE,B.1.1.7_travel,2
66,HERTFORDSHIRE,B.1.617.2_travel,1
66,LEEDS,B.1.617.2_travel,1
66,MEDWAY,B.1.617.2_travel,1
66,MILTON_KEYNES,B.1.617.2_travel,1
67,ABERDEEN,B.1.1.7,24
67,ABERDEENSHIRE,B.1.1.7,16
67,ANGLESEY,B.1.1.7,15
67,ANGUS,B.1.1.7,3
67,ANTRIM_AND_NEWTOWNABBEY,B.1.1.7,4
67,ARGYLL_AND_BUTE,B.1.1.7,2
67,ARMAGH_BANBRIDGE_AND_CRAIGAVON,B.1.1.7,5
67,BARNSLEY,B.1.1.7,28
67,BEDFORDSHIRE,B.1.1.7,37
67,BELFAST,B.1.1.7,13
67,BIRMINGHAM,B.1.1.7,85
67,BLACKPOOL,B.1.1.7,3
67,BLAENAU_GWENT,B.1.1.7,9
67,BOLTON,B.1.1.7,19
67,BRACKNELL_FOREST,B.1.1.7,1
67,BRADFORD,B.1.1.7,183
67,BRIDGEND,B.1.1.7,2
67,BRIGHTON_AND_HOVE,B.1.1.7,1
67,BRISTOL,B.1.1.7,16
67,BUCKINGHAMSHIRE,B.1.1.7,54
67,BURY,B.1.1.7,6
67,CAERPHILLY,B.1.1.7,12
67,CALDERDALE,B.1.1.7,10
67,CAMBRIDGESHIRE,B.1.1.7,62
67,CARDIFF,B.1.1.7,77
67,CARMARTHENSHIRE,B.1.1.7,6
67,CAUSEWAY_COAST_AND_GLENS,B.1.1.7,4
67,CENTRAL_BEDFORDSHIRE,B.1.1.7,1
67,CEREDIGION,B.1.1.7,1
67,CHESHIRE_EAST,B.1.1.7,9
67,CHESHIRE_WEST_AND_CHESTER,B.1.1.7,2
67,CLACKMANNANSHIRE,B.1.1.7,34
67,CONWY,B.1.1.7,7
67,CORNWALL,B.1.1.7,4
67,COVENTRY,B.1.1.7,1
67,CUMBRIA,B.1.1.7,41
67,DENBIGHSHIRE,B.1.1.7,3
67,DERBY,B.1.1.7,1
67,DERBYSHIRE,B.1.1.7,101
67,DERRY_AND_STRABANE,B.1.1.7,11
67,DEVON,B.1.1.7,13
67,DONCASTER,B.1.1.7,74
67,DORSET,B.1.1.7,26
67,DUDLEY,B.1.1.7,26
67,DUMFRIES_AND_GALLOWAY,B.1.1.7,3
67,DUNDEE,B.1.1.7,47
67,DURHAM,B.1.1.7,127
67,EAST_AYRSHIRE,B.1.1.7,33
67,EAST_DUNBARTONSHIRE,B.1.1.7,24
67,EAST_LOTHIAN,B.1.1.7,15
67,EAST_RENFREWSHIRE,B.1.1.7,34
67,EAST_RIDING_OF_YORKSHIRE,B.1.1.7,172
67,EAST_SUSSEX,B.1.1.7,15
67,EDINBURGH,B.1.1.7,66
67,ESSEX,B.1.1.7,64
67,FALKIRK,B.1.1.7,59
67,FERMANAGH_AND_OMAGH,B.1.1.7,1
67,FIFE,B.1.1.7,116
67,FLINTSHIRE,B.1.1.7,18
67,GATESHEAD,B.1.1.7,11
67,GLASGOW,B.1.1.7,255
67,GLOUCESTERSHIRE,B.1.1.7,11
67,GREATER_LONDON,B.1.1.7,439
67,GWYNEDD,B.1.1.7,24
67,HAMPSHIRE,B.1.1.7,121
67,HEREFORDSHIRE,B.1.1.7,2
67,HERTFORDSHIRE,B.1.1.7,55
67,HIGHLAND,B.1.1.7,17
67,INVERCLYDE,B.1.1.7,9
67,KENT,B.1.1.7,57
67,KINGSTON_UPON_HULL,B.1.1.7,2
67,KIRKLEES,B.1.1.7,62
67,LANCASHIRE,B.1.1.7,182
67,LEEDS,B.1.1.7,208
67,LEICESTERSHIRE,B.1.1.7,224
67,LINCOLNSHIRE,B.1.1.7,192
67,LISBURN_AND_CASTLEREAGH,B.1.1.7,2
67,MANCHESTER,B.1.1.7,45
67,MEDWAY,B.1.1.7,1
67,MERTHYR_TYDFIL,B.1.1.7,4
67,MIDDLESBROUGH,B.1.1.7,8
67,MIDLOTHIAN,B.1.1.7,7
67,MID_ULSTER,B.1.1.7,1
67,MILTON_KEYNES,B.1.1.7,8
67,MORAY,B.1.1.7,24
67,NEATH_PORT_TALBOT,B.1.1.7,7
67,NEWCASTLE_UPON_TYNE,B.1.1.7,45
67,NEWPORT,B.1.1.7,18
67,NEWRY_MOURNE_AND_DOWN,B.1.1.7,1
67,NORFOLK,B.1.1.7,48
67,NORTHAMPTONSHIRE,B.1.1.7,111
67,NORTHUMBERLAND,B.1.1.7,55
67,NORTH_AYRSHIRE,B.1.1.7,11
67,NORTH_DOWN_AND_ARDS,B.1.1.7,8
67,NORTH_LANARKSHIRE,B.1.1.7,148
67,NORTH_LINCOLNSHIRE,B.1.1.7,18
67,NORTH_TYNESIDE,B.1.1.7,20
67,NORTH_YORKSHIRE,B.1.1.7,102
67,NOTTINGHAMSHIRE,B.1.1.7,182
67,OLDHAM,B.1.1.7,53
67,OXFORDSHIRE,B.1.1.7,39
67,PEMBROKESHIRE,B.1.1.7,7
67,PERTHSHIRE_AND_KINROSS,B.1.1.7,16
67,PETERBOROUGH,B.1.1.7,35
67,PORTSMOUTH,B.1.1.7,6
67,POWYS,B.1.1.7,9
67,REDCAR_AND_CLEVELAND,B.1.1.7,12
67,RENFREWSHIRE,B.1.1.7,72
67,RHONDDA_CYNON_TAFF,B.1.1.7,28
67,ROCHDALE,B.1.1.7,30
67,ROTHERHAM,B.1.1.7,26
67,SALFORD,B.1.1.7,15
67,SANDWELL,B.1.1.7,29
67,SEFTON,B.1.1.7,9
67,SHEFFIELD,B.1.1.7,144
67,SHROPSHIRE,B.1.1.7,25
67,SOLIHULL,B.1.1.7,5
67,SOMERSET,B.1.1.7,20
67,SOUTHAMPTON,B.1.1.7,5
67,SOUTH_AYRSHIRE,B.1.1.7,15
67,SOUTH_LANARKSHIRE,B.1.1.7,88
67,SOUTH_TYNESIDE,B.1.1.7,9
67,STAFFORDSHIRE,B.1.1.7,119
67,STIRLING,B.1.1.7,26
67,STOCKPORT,B.1.1.7,18
67,SUFFOLK,B.1.1.7,72
67,SUNDERLAND,B.1.1.7,24
67,SURREY,B.1.1.7,35
67,SWANSEA,B.1.1.7,42
67,TAMESIDE,B.1.1.7,49
67,TELFORD_AND_WREKIN,B.1.1.7,3
67,THURROCK,B.1.1.7,3
67,TORFAEN,B.1.1.7,3
67,TRAFFORD,B.1.1.7,12
67,VALE_OF_GLAMORGAN,B.1.1.7,9
67,WAKEFIELD,B.1.1.7,78
67,WALSALL,B.1.1.7,8
67,WARRINGTON,B.1.1.7,7
67,WARWICKSHIRE,B.1.1.7,80
67,WEST_BERKSHIRE,B.1.1.7,1
67,WEST_DUNBARTONSHIRE,B.1.1.7,15
67,WEST_LOTHIAN,B.1.1.7,64
67,WEST_MIDLANDS,B.1.1.7,12
67,WEST_SUSSEX,B.1.1.7,31
67,WIGAN,B.1.1.7,16
67,WILTSHIRE,B.1.1.7,33
67,WIRRAL,B.1.1.7,11
67,WOKINGHAM,B.1.1.7,1
67,WOLVERHAMPTON,B.1.1.7,5
67,WORCESTERSHIRE,B.1.1.7,25
67,WREXHAM,B.1.1.7,13
67,BOLTON,B.1.617.2,2
67,BUCKINGHAMSHIRE,B.1.617.2,2
67,EDINBURGH,B.1.617.2,1
67,GLASGOW,B.1.617.2,3
67,GREATER_LONDON,B.1.617.2,13
67,HERTFORDSHIRE,B.1.617.2,2
67,LEICESTERSHIRE,B.1.617.2,2
67,MONMOUTHSHIRE,B.1.617.2,1
67,NEWCASTLE_UPON_TYNE,B.1.617.2,1
67,WAKEFIELD,B.1.617.2,1
67,DURHAM,B.1.1.7_travel,1
67,GREATER_LONDON,B.1.1.7_travel,7
67,KENT,B.1.1.7_travel,1
67,LANCASHIRE,B.1.1.7_travel,1
67,LEICESTERSHIRE,B.1.1.7_travel,4
67,SUNDERLAND,B.1.1.7_travel,1
67,WARWICKSHIRE,B.1.1.7_travel,1
67,BRADFORD,B.1.617.2_travel,1
67,CAMBRIDGESHIRE,B.1.617.2_travel,1
67,EAST_SUSSEX,B.1.617.2_travel,3
67,GREATER_LONDON,B.1.617.2_travel,5
67,HAMPSHIRE,B.1.617.2_travel,1
67,LANCASHIRE,B.1.617.2_travel,1
67,LEICESTERSHIRE,B.1.617.2_travel,1
67,MILTON_KEYNES,B.1.617.2_travel,1
67,NORTHAMPTONSHIRE,B.1.617.2_travel,1
67,WORCESTERSHIRE,B.1.617.2_travel,1
68,ABERDEEN,B.1.1.7,24
68,ABERDEENSHIRE,B.1.1.7,27
68,ANGLESEY,B.1.1.7,6
68,ANGUS,B.1.1.7,5
68,ANTRIM_AND_NEWTOWNABBEY,B.1.1.7,1
68,ARGYLL_AND_BUTE,B.1.1.7,1
68,ARMAGH_BANBRIDGE_AND_CRAIGAVON,B.1.1.7,4
68,BARNSLEY,B.1.1.7,17
68,BEDFORDSHIRE,B.1.1.7,35
68,BELFAST,B.1.1.7,8
68,BIRMINGHAM,B.1.1.7,54
68,BOLTON,B.1.1.7,18
68,BRACKNELL_FOREST,B.1.1.7,8
68,BRADFORD,B.1.1.7,127
68,BRIDGEND,B.1.1.7,2
68,BRIGHTON_AND_HOVE,B.1.1.7,3
68,BRISTOL,B.1.1.7,11
68,BUCKINGHAMSHIRE,B.1.1.7,53
68,BURY,B.1.1.7,9
68,CAERPHILLY,B.1.1.7,5
68,CALDERDALE,B.1.1.7,22
68,CAMBRIDGESHIRE,B.1.1.7,62
68,CARDIFF,B.1.1.7,46
68,CARMARTHENSHIRE,B.1.1.7,3
68,CAUSEWAY_COAST_AND_GLENS,B.1.1.7,1
68,CEREDIGION,B.1.1.7,1
68,CHESHIRE_EAST,B.1.1.7,12
68,CHESHIRE_WEST_AND_CHESTER,B.1.1.7,5
68,CLACKMANNANSHIRE,B.1.1.7,23
68,CONWY,B.1.1.7,3
68,CORNWALL,B.1.1.7,1
68,COVENTRY,B.1.1.7,6
68,CUMBRIA,B.1.1.7,41
68,DENBIGHSHIRE,B.1.1.7,4
68,DERBY,B.1.1.7,1
68,DERBYSHIRE,B.1.1.7,68
68,DERRY_AND_STRABANE,B.1.1.7,5
68,DEVON,B.1.1.7,24
68,DONCASTER,B.1.1.7,59
68,DORSET,B.1.1.7,13
68,DUDLEY,B.1.1.7,18
68,DUMFRIES_AND_GALLOWAY,B.1.1.7,1
68,DUNDEE,B.1.1.7,34
68,DURHAM,B.1.1.7,103
68,EAST_AYRSHIRE,B.1.1.7,21
68,EAST_DUNBARTONSHIRE,B.1.1.7,14
68,EAST_LOTHIAN,B.1.1.7,4
68,EAST_RENFREWSHIRE,B.1.1.7,38
68,EAST_RIDING_OF_YORKSHIRE,B.1.1.7,193
68,EAST_SUSSEX,B.1.1.7,19
68,EDINBURGH,B.1.1.7,71
68,ESSEX,B.1.1.7,44
68,FALKIRK,B.1.1.7,33
68,FERMANAGH_AND_OMAGH,B.1.1.7,2
68,FIFE,B.1.1.7,89
68,FLINTSHIRE,B.1.1.7,15
68,GATESHEAD,B.1.1.7,14
68,GLASGOW,B.1.1.7,273
68,GLOUCESTERSHIRE,B.1.1.7,6
68,GREATER_LONDON,B.1.1.7,477
68,GWYNEDD,B.1.1.7,25
68,HAMPSHIRE,B.1.1.7,77
68,HEREFORDSHIRE,B.1.1.7,11
68,HERTFORDSHIRE,B.1.1.7,81
68,HIGHLAND,B.1.1.7,34
68,INVERCLYDE,B.1.1.7,8
68,KENT,B.1.1.7,58
68,KINGSTON_UPON_HULL,B.1.1.7,1
68,KIRKLEES,B.1.1.7,46
68,KNOWSLEY,B.1.1.7,8
68,LANCASHIRE,B.1.1.7,113
68,LEEDS,B.1.1.7,149
68,LEICESTERSHIRE,B.1.1.7,177
68,LINCOLNSHIRE,B.1.1.7,145
68,LISBURN_AND_CASTLEREAGH,B.1.1.7,4
68,MANCHESTER,B.1.1.7,52
68,MEDWAY,B.1.1.7,1
68,MERTHYR_TYDFIL,B.1.1.7,3
68,MIDDLESBROUGH,B.1.1.7,8
68,MIDLOTHIAN,B.1.1.7,5
68,MID_AND_EAST_ANTRIM,B.1.1.7,1
68,MID_ULSTER,B.1.1.7,1
68,MILTON_KEYNES,B.1.1.7,5
68,MONMOUTHSHIRE,B.1.1.7,1
68,MORAY,B.1.1.7,22
68,NEATH_PORT_TALBOT,B.1.1.7,10
68,NEWCASTLE_UPON_TYNE,B.1.1.7,42
68,NEWPORT,B.1.1.7,20
68,NEWRY_MOURNE_AND_DOWN,B.1.1.7,1
68,NORFOLK,B.1.1.7,37
68,NORTHAMPTONSHIRE,B.1.1.7,126
68,NORTHUMBERLAND,B.1.1.7,27
68,NORTH_AYRSHIRE,B.1.1.7,25
68,NORTH_DOWN_AND_ARDS,B.1.1.7,1
68,NORTH_LANARKSHIRE,B.1.1.7,121
68,NORTH_LINCOLNSHIRE,B.1.1.7,15
68,NORTH_TYNESIDE,B.1.1.7,11
68,NORTH_YORKSHIRE,B.1.1.7,88
68,NOTTINGHAMSHIRE,B.1.1.7,141
68,OLDHAM,B.1.1.7,59
68,OXFORDSHIRE,B.1.1.7,44
68,PEMBROKESHIRE,B.1.1.7,1
68,PERTHSHIRE_AND_KINROSS,B.1.1.7,26
68,PETERBOROUGH,B.1.1.7,34
68,PORTSMOUTH,B.1.1.7,3
68,POWYS,B.1.1.7,16
68,REDCAR_AND_CLEVELAND,B.1.1.7,9
68,RENFREWSHIRE,B.1.1.7,48
68,RHONDDA_CYNON_TAFF,B.1.1.7,21
68,ROCHDALE,B.1.1.7,11
68,ROTHERHAM,B.1.1.7,20
68,RUTLAND,B.1.1.7,3
68,SALFORD,B.1.1.7,14
68,SANDWELL,B.1.1.7,28
68,SEFTON,B.1.1.7,4
68,SHEFFIELD,B.1.1.7,112
68,SHROPSHIRE,B.1.1.7,26
68,SOLIHULL,B.1.1.7,5
68,SOMERSET,B.1.1.7,19
68,SOUTHAMPTON,B.1.1.7,6
68,SOUTH_AYRSHIRE,B.1.1.7,13
68,SOUTH_LANARKSHIRE,B.1.1.7,117
68,SOUTH_TYNESIDE,B.1.1.7,12
68,STAFFORDSHIRE,B.1.1.7,120
68,STIRLING,B.1.1.7,9
68,STOCKPORT,B.1.1.7,14
68,SUFFOLK,B.1.1.7,63
68,SUNDERLAND,B.1.1.7,11
68,SURREY,B.1.1.7,38
68,SWANSEA,B.1.1.7,33
68,SWINDON,B.1.1.7,1
68,TAMESIDE,B.1.1.7,36
68,TELFORD_AND_WREKIN,B.1.1.7,7
68,THURROCK,B.1.1.7,1
68,TORFAEN,B.1.1.7,10
68,TRAFFORD,B.1.1.7,7
68,VALE_OF_GLAMORGAN,B.1.1.7,8
68,WAKEFIELD,B.1.1.7,42
68,WALSALL,B.1.1.7,14
68,WARRINGTON,B.1.1.7,5
68,WARWICKSHIRE,B.1.1.7,64
68,WEST_DUNBARTONSHIRE,B.1.1.7,8
68,WEST_LOTHIAN,B.1.1.7,51
68,WEST_MIDLANDS,B.1.1.7,16
68,WEST_SUSSEX,B.1.1.7,35
68,WIGAN,B.1.1.7,14
68,WILTSHIRE,B.1.1.7,22
68,WIRRAL,B.1.1.7,4
68,WORCESTERSHIRE,B.1.1.7,42
68,WREXHAM,B.1.1.7,13
68,YORK,B.1.1.7,10
68,BEDFORDSHIRE,B.1.617.2,1
68,BELFAST,B.1.617.2,1
68,BIRMINGHAM,B.1.617.2,1
68,BOLTON,B.1.617.2,3
68,BRISTOL,B.1.617.2,3
68,BUCKINGHAMSHIRE,B.1.617.2,2
68,CAMBRIDGESHIRE,B.1.617.2,3
68,CARDIFF,B.1.617.2,1
68,DORSET,B.1.617.2,1
68,EDINBURGH,B.1.617.2,1
68,ESSEX,B.1.617.2,3
68,GLASGOW,B.1.617.2,5
68,GLOUCESTERSHIRE,B.1.617.2,2
68,GREATER_LONDON,B.1.617.2,45
68,HAMPSHIRE,B.1.617.2,5
68,HERTFORDSHIRE,B.1.617.2,3
68,KENT,B.1.617.2,2
68,LANCASHIRE,B.1.617.2,4
68,LEICESTERSHIRE,B.1.617.2,8
68,MANCHESTER,B.1.617.2,1
68,MILTON_KEYNES,B.1.617.2,1
68,NORTHAMPTONSHIRE,B.1.617.2,1
68,OXFORDSHIRE,B.1.617.2,1
68,RENFREWSHIRE,B.1.617.2,2
68,SALFORD,B.1.617.2,1
68,SOLIHULL,B.1.617.2,2
68,SOUTH_TYNESIDE,B.1.617.2,1
68,STAFFORDSHIRE,B.1.617.2,1
68,STOCKPORT,B.1.617.2,1
68,SURREY,B.1.617.2,1
68,SWINDON,B.1.617.2,1
68,TELFORD_AND_WREKIN,B.1.617.2,1
68,WEST_MIDLANDS,B.1.617.2,1
68,WIRRAL,B.1.617.2,2
68,GREATER_LONDON,B.1.1.7_travel,5
68,LEICESTERSHIRE,B.1.1.7_travel,4
68,NORTH_YORKSHIRE,B.1.1.7_travel,1
68,CAMBRIDGESHIRE,B.1.617.2_travel,1
68,GLOUCESTERSHIRE,B.1.617.2_travel,1
68,GREATER_LONDON,B.1.617.2_travel,4
68,HERTFORDSHIRE,B.1.617.2_travel,2
68,LEICESTERSHIRE,B.1.617.2_travel,3
68,WARWICKSHIRE,B.1.617.2_travel,1
69,ABERDEEN,B.1.1.7,20
69,ABERDEENSHIRE,B.1.1.7,17
69,ANGLESEY,B.1.1.7,2
69,ANGUS,B.1.1.7,1
69,ANTRIM_AND_NEWTOWNABBEY,B.1.1.7,3
69,ARGYLL_AND_BUTE,B.1.1.7,4
69,ARMAGH_BANBRIDGE_AND_CRAIGAVON,B.1.1.7,7
69,BARNSLEY,B.1.1.7,16
69,BEDFORDSHIRE,B.1.1.7,35
69,BELFAST,B.1.1.7,6
69,BIRMINGHAM,B.1.1.7,65
69,BLACKBURN_WITH_DARWEN,B.1.1.7,2
69,BLACKPOOL,B.1.1.7,1
69,BLAENAU_GWENT,B.1.1.7,1
69,BOLTON,B.1.1.7,21
69,BRADFORD,B.1.1.7,96
69,BRIDGEND,B.1.1.7,6
69,BRISTOL,B.1.1.7,15
69,BUCKINGHAMSHIRE,B.1.1.7,56
69,BURY,B.1.1.7,7
69,CAERPHILLY,B.1.1.7,8
69,CALDERDALE,B.1.1.7,12
69,CAMBRIDGESHIRE,B.1.1.7,82
69,CARDIFF,B.1.1.7,21
69,CARMARTHENSHIRE,B.1.1.7,3
69,CAUSEWAY_COAST_AND_GLENS,B.1.1.7,6
69,CHESHIRE_EAST,B.1.1.7,9
69,CHESHIRE_WEST_AND_CHESTER,B.1.1.7,5
69,CLACKMANNANSHIRE,B.1.1.7,11
69,CONWY,B.1.1.7,2
69,CORNWALL,B.1.1.7,2
69,COVENTRY,B.1.1.7,2
69,CUMBRIA,B.1.1.7,13
69,DENBIGHSHIRE,B.1.1.7,3
69,DERBY,B.1.1.7,3
69,DERBYSHIRE,B.1.1.7,77
69,DERRY_AND_STRABANE,B.1.1.7,13
69,DEVON,B.1.1.7,19
69,DONCASTER,B.1.1.7,60
69,DORSET,B.1.1.7,10
69,DUDLEY,B.1.1.7,8
69,DUMFRIES_AND_GALLOWAY,B.1.1.7,12
69,DUNDEE,B.1.1.7,26
69,DURHAM,B.1.1.7,104
69,EAST_AYRSHIRE,B.1.1.7,46
69,EAST_DUNBARTONSHIRE,B.1.1.7,35
69,EAST_LOTHIAN,B.1.1.7,4
69,EAST_RENFREWSHIRE,B.1.1.7,14
69,EAST_RIDING_OF_YORKSHIRE,B.1.1.7,106
69,EAST_SUSSEX,B.1.1.7,8
69,EDINBURGH,B.1.1.7,87
69,ESSEX,B.1.1.7,55
69,FALKIRK,B.1.1.7,29
69,FERMANAGH_AND_OMAGH,B.1.1.7,8
69,FIFE,B.1.1.7,75
69,FLINTSHIRE,B.1.1.7,9
69,GATESHEAD,B.1.1.7,6
69,GLASGOW,B.1.1.7,168
69,GLOUCESTERSHIRE,B.1.1.7,17
69,GREATER_LONDON,B.1.1.7,465
69,GWYNEDD,B.1.1.7,10
69,HAMPSHIRE,B.1.1.7,40
69,HEREFORDSHIRE,B.1.1.7,9
69,HERTFORDSHIRE,B.1.1.7,60
69,HIGHLAND,B.1.1.7,6
69,INVERCLYDE,B.1.1.7,9
69,KENT,B.1.1.7,52
69,KINGSTON_UPON_HULL,B.1.1.7,1
69,KIRKLEES,B.1.1.7,38
69,KNOWSLEY,B.1.1.7,1
69,LANCASHIRE,B.1.1.7,151
69,LEEDS,B.1.1.7,148
69,LEICESTERSHIRE,B.1.1.7,146
69,LINCOLNSHIRE,B.1.1.7,143
69,LISBURN_AND_CASTLEREAGH,B.1.1.7,5
69,MANCHESTER,B.1.1.7,45
69,MEDWAY,B.1.1.7,1
69,MIDDLESBROUGH,B.1.1.7,8
69,MID_AND_EAST_ANTRIM,B.1.1.7,3
69,MID_ULSTER,B.1.1.7,10
69,MILTON_KEYNES,B.1.1.7,10
69,MONMOUTHSHIRE,B.1.1.7,2
69,MORAY,B.1.1.7,31
69,NA,B.1.1.7,1
69,NEATH_PORT_TALBOT,B.1.1.7,14
69,NEWCASTLE_UPON_TYNE,B.1.1.7,26
69,NEWPORT,B.1.1.7,28
69,NEWRY_MOURNE_AND_DOWN,B.1.1.7,7
69,NORFOLK,B.1.1.7,51
69,NORTHAMPTONSHIRE,B.1.1.7,116
69,NORTHUMBERLAND,B.1.1.7,19
69,NORTH_AYRSHIRE,B.1.1.7,21
69,NORTH_DOWN_AND_ARDS,B.1.1.7,2
69,NORTH_LANARKSHIRE,B.1.1.7,134
69,NORTH_LINCOLNSHIRE,B.1.1.7,16
69,NORTH_TYNESIDE,B.1.1.7,11
69,NORTH_YORKSHIRE,B.1.1.7,135
69,NOTTINGHAMSHIRE,B.1.1.7,108
69,OLDHAM,B.1.1.7,48
69,OXFORDSHIRE,B.1.1.7,38
69,PEMBROKESHIRE,B.1.1.7,2
69,PERTHSHIRE_AND_KINROSS,B.1.1.7,35
69,PETERBOROUGH,B.1.1.7,36
69,PORTSMOUTH,B.1.1.7,1
69,POWYS,B.1.1.7,7
69,REDCAR_AND_CLEVELAND,B.1.1.7,3
69,RENFREWSHIRE,B.1.1.7,32
69,RHONDDA_CYNON_TAFF,B.1.1.7,8
69,ROCHDALE,B.1.1.7,14
69,ROTHERHAM,B.1.1.7,15
69,RUTLAND,B.1.1.7,3
69,SALFORD,B.1.1.7,23
69,SANDWELL,B.1.1.7,11
69,SCOTTISH_BORDERS,B.1.1.7,1
69,SEFTON,B.1.1.7,7
69,SHEFFIELD,B.1.1.7,92
69,SHROPSHIRE,B.1.1.7,20
69,SOLIHULL,B.1.1.7,4
69,SOMERSET,B.1.1.7,26
69,SOUTH_AYRSHIRE,B.1.1.7,26
69,SOUTH_LANARKSHIRE,B.1.1.7,59
69,SOUTH_TYNESIDE,B.1.1.7,7
69,STAFFORDSHIRE,B.1.1.7,98
69,STIRLING,B.1.1.7,5
69,STOCKPORT,B.1.1.7,23
69,SUFFOLK,B.1.1.7,66
69,SUNDERLAND,B.1.1.7,10
69,SURREY,B.1.1.7,46
69,SWANSEA,B.1.1.7,31
69,SWINDON,B.1.1.7,2
69,TAMESIDE,B.1.1.7,34
69,TELFORD_AND_WREKIN,B.1.1.7,16
69,TORFAEN,B.1.1.7,7
69,TRAFFORD,B.1.1.7,19
69,VALE_OF_GLAMORGAN,B.1.1.7,1
69,WAKEFIELD,B.1.1.7,38
69,WALSALL,B.1.1.7,7
69,WARRINGTON,B.1.1.7,3
69,WARWICKSHIRE,B.1.1.7,64
69,WEST_BERKSHIRE,B.1.1.7,1
69,WEST_DUNBARTONSHIRE,B.1.1.7,23
69,WEST_LOTHIAN,B.1.1.7,23
69,WEST_MIDLANDS,B.1.1.7,16
69,WEST_SUSSEX,B.1.1.7,20
69,WIGAN,B.1.1.7,10
69,WILTSHIRE,B.1.1.7,13
69,WIRRAL,B.1.1.7,13
69,WOLVERHAMPTON,B.1.1.7,2
69,WORCESTERSHIRE,B.1.1.7,20
69,WREXHAM,B.1.1.7,15
69,YORK,B.1.1.7,17
69,ABERDEENSHIRE,B.1.617.2,1
69,ARMAGH_BANBRIDGE_AND_CRAIGAVON,B.1.617.2,2
69,BEDFORDSHIRE,B.1.617.2,9
69,BELFAST,B.1.617.2,6
69,BIRMINGHAM,B.1.617.2,2
69,BLACKPOOL,B.1.617.2,1
69,BOLTON,B.1.617.2,4
69,BRIGHTON_AND_HOVE,B.1.617.2,1
69,BRISTOL,B.1.617.2,2
69,BUCKINGHAMSHIRE,B.1.617.2,6
69,BURY,B.1.617.2,2
69,CAMBRIDGESHIRE,B.1.617.2,12
69,CARDIFF,B.1.617.2,1
69,CARMARTHENSHIRE,B.1.617.2,1
69,CHESHIRE_EAST,B.1.617.2,4
69,CONWY,B.1.617.2,1
69,CUMBRIA,B.1.617.2,1
69,DERBYSHIRE,B.1.617.2,1
69,EAST_LOTHIAN,B.1.617.2,5
69,EAST_RENFREWSHIRE,B.1.617.2,1
69,EAST_RIDING_OF_YORKSHIRE,B.1.617.2,3
69,EAST_SUSSEX,B.1.617.2,1
69,EDINBURGH,B.1.617.2,4
69,ESSEX,B.1.617.2,4
69,GLASGOW,B.1.617.2,6
69,GLOUCESTERSHIRE,B.1.617.2,1
69,GREATER_LONDON,B.1.617.2,115
69,GWYNEDD,B.1.617.2,1
69,HAMPSHIRE,B.1.617.2,3
69,HERTFORDSHIRE,B.1.617.2,13
69,INVERCLYDE,B.1.617.2,1
69,ISLE_OF_WIGHT,B.1.617.2,1
69,KENT,B.1.617.2,6
69,KIRKLEES,B.1.617.2,1
69,LANCASHIRE,B.1.617.2,11
69,LEEDS,B.1.617.2,1
69,LEICESTERSHIRE,B.1.617.2,20
69,LINCOLNSHIRE,B.1.617.2,2
69,MIDDLESBROUGH,B.1.617.2,1
69,MILTON_KEYNES,B.1.617.2,1
69,NORFOLK,B.1.617.2,1
69,NORTHAMPTONSHIRE,B.1.617.2,3
69,NORTH_TYNESIDE,B.1.617.2,1
69,NORTH_YORKSHIRE,B.1.617.2,1
69,NOTTINGHAM,B.1.617.2,10
69,NOTTINGHAMSHIRE,B.1.617.2,9
69,OXFORDSHIRE,B.1.617.2,1
69,PEMBROKESHIRE,B.1.617.2,1
69,SANDWELL,B.1.617.2,2
69,SHEFFIELD,B.1.617.2,1
69,SOUTH_TYNESIDE,B.1.617.2,1
69,STAFFORDSHIRE,B.1.617.2,4
69,SURREY,B.1.617.2,4
69,SWINDON,B.1.617.2,1
69,WEST_MIDLANDS,B.1.617.2,1
69,WILTSHIRE,B.1.617.2,2
69,WOKINGHAM,B.1.617.2,1
70,ABERDEEN,B.1.1.7,22
70,ABERDEENSHIRE,B.1.1.7,27
70,ANGLESEY,B.1.1.7,1
70,ANGUS,B.1.1.7,3
70,ANTRIM_AND_NEWTOWNABBEY,B.1.1.7,1
70,ARGYLL_AND_BUTE,B.1.1.7,1
70,ARMAGH_BANBRIDGE_AND_CRAIGAVON,B.1.1.7,4
70,BARNSLEY,B.1.1.7,17
70,BEDFORDSHIRE,B.1.1.7,15
70,BELFAST,B.1.1.7,1
70,BIRMINGHAM,B.1.1.7,53
70,BOLTON,B.1.1.7,20
70,BRACKNELL_FOREST,B.1.1.7,3
70,BRADFORD,B.1.1.7,93
70,BRIDGEND,B.1.1.7,1
70,BRISTOL,B.1.1.7,5
70,BUCKINGHAMSHIRE,B.1.1.7,29
70,BURY,B.1.1.7,7
70,CAERPHILLY,B.1.1.7,12
70,CALDERDALE,B.1.1.7,18
70,CAMBRIDGESHIRE,B.1.1.7,68
70,CARDIFF,B.1.1.7,25
70,CARMARTHENSHIRE,B.1.1.7,5
70,CAUSEWAY_COAST_AND_GLENS,B.1.1.7,2
70,CENTRAL_BEDFORDSHIRE,B.1.1.7,1
70,CEREDIGION,B.1.1.7,1
70,CHESHIRE_EAST,B.1.1.7,24
70,CHESHIRE_WEST_AND_CHESTER,B.1.1.7,1
70,CLACKMANNANSHIRE,B.1.1.7,6
70,CONWY,B.1.1.7,6
70,COVENTRY,B.1.1.7,7
70,CUMBRIA,B.1.1.7,4
70,DERBYSHIRE,B.1.1.7,85
70,DERRY_AND_STRABANE,B.1.1.7,3
70,DEVON,B.1.1.7,1
70,DONCASTER,B.1.1.7,51
70,DORSET,B.1.1.7,8
70,DUDLEY,B.1.1.7,9
70,DUMFRIES_AND_GALLOWAY,B.1.1.7,21
70,DUNDEE,B.1.1.7,7
70,DURHAM,B.1.1.7,107
70,EAST_AYRSHIRE,B.1.1.7,38
70,EAST_DUNBARTONSHIRE,B.1.1.7,26
70,EAST_LOTHIAN,B.1.1.7,1
70,EAST_RENFREWSHIRE,B.1.1.7,17
70,EAST_RIDING_OF_YORKSHIRE,B.1.1.7,102
70,EAST_SUSSEX,B.1.1.7,2
70,EDINBURGH,B.1.1.7,110
70,ESSEX,B.1.1.7,35
70,FALKIRK,B.1.1.7,26
70,FERMANAGH_AND_OMAGH,B.1.1.7,1
70,FIFE,B.1.1.7,80
70,FLINTSHIRE,B.1.1.7,10
70,GATESHEAD,B.1.1.7,3
70,GLASGOW,B.1.1.7,148
70,GLOUCESTERSHIRE,B.1.1.7,4
70,GREATER_LONDON,B.1.1.7,268
70,GWYNEDD,B.1.1.7,10
70,HAMPSHIRE,B.1.1.7,12
70,HEREFORDSHIRE,B.1.1.7,25
70,HERTFORDSHIRE,B.1.1.7,50
70,HIGHLAND,B.1.1.7,13
70,INVERCLYDE,B.1.1.7,2
70,ISLE_OF_WIGHT,B.1.1.7,2
70,KENT,B.1.1.7,40
70,KINGSTON_UPON_HULL,B.1.1.7,3
70,KIRKLEES,B.1.1.7,51
70,KNOWSLEY,B.1.1.7,2
70,LANCASHIRE,B.1.1.7,219
70,LEEDS,B.1.1.7,137
70,LEICESTERSHIRE,B.1.1.7,124
70,LINCOLNSHIRE,B.1.1.7,118
70,MANCHESTER,B.1.1.7,34
70,MIDDLESBROUGH,B.1.1.7,10
70,MIDLOTHIAN,B.1.1.7,2
70,MILTON_KEYNES,B.1.1.7,4
70,MONMOUTHSHIRE,B.1.1.7,3
70,MORAY,B.1.1.7,64
70,NEATH_PORT_TALBOT,B.1.1.7,5
70,NEWCASTLE_UPON_TYNE,B.1.1.7,33
70,NEWPORT,B.1.1.7,30
70,NORFOLK,B.1.1.7,52
70,NORTHAMPTONSHIRE,B.1.1.7,90
70,NORTHUMBERLAND,B.1.1.7,16
70,NORTH_AYRSHIRE,B.1.1.7,16
70,NORTH_LANARKSHIRE,B.1.1.7,78
70,NORTH_LINCOLNSHIRE,B.1.1.7,17
70,NORTH_TYNESIDE,B.1.1.7,3
70,NORTH_YORKSHIRE,B.1.1.7,77
70,NOTTINGHAM,B.1.1.7,1
70,NOTTINGHAMSHIRE,B.1.1.7,79
70,OLDHAM,B.1.1.7,40
70,OXFORDSHIRE,B.1.1.7,41
70,PEMBROKESHIRE,B.1.1.7,8
70,PERTHSHIRE_AND_KINROSS,B.1.1.7,19
70,PETERBOROUGH,B.1.1.7,27
70,PORTSMOUTH,B.1.1.7,1
70,POWYS,B.1.1.7,2
70,REDCAR_AND_CLEVELAND,B.1.1.7,5
70,RENFREWSHIRE,B.1.1.7,18
70,RHONDDA_CYNON_TAFF,B.1.1.7,6
70,ROCHDALE,B.1.1.7,8
70,ROTHERHAM,B.1.1.7,7
70,RUTLAND,B.1.1.7,3
70,SALFORD,B.1.1.7,28
70,SANDWELL,B.1.1.7,18
70,SCOTTISH_BORDERS,B.1.1.7,6
70,SEFTON,B.1.1.7,2
70,SHEFFIELD,B.1.1.7,87
70,SHROPSHIRE,B.1.1.7,40
70,SOLIHULL,B.1.1.7,2
70,SOMERSET,B.1.1.7,7
70,SOUTHAMPTON,B.1.1.7,2
70,SOUTHEND-ON-SEA,B.1.1.7,1
70,SOUTH_AYRSHIRE,B.1.1.7,12
70,SOUTH_LANARKSHIRE,B.1.1.7,46
70,SOUTH_TYNESIDE,B.1.1.7,8
70,STAFFORDSHIRE,B.1.1.7,91
70,STIRLING,B.1.1.7,12
70,STOCKPORT,B.1.1.7,14
70,SUFFOLK,B.1.1.7,57
70,SUNDERLAND,B.1.1.7,13
70,SURREY,B.1.1.7,16
70,SWANSEA,B.1.1.7,20
70,SWINDON,B.1.1.7,1
70,TAMESIDE,B.1.1.7,30
70,TELFORD_AND_WREKIN,B.1.1.7,8
70,TORFAEN,B.1.1.7,8
70,TRAFFORD,B.1.1.7,19
70,VALE_OF_GLAMORGAN,B.1.1.7,4
70,WAKEFIELD,B.1.1.7,56
70,WALSALL,B.1.1.7,7
70,WARRINGTON,B.1.1.7,5
70,WARWICKSHIRE,B.1.1.7,61
70,WEST_DUNBARTONSHIRE,B.1.1.7,15
70,WEST_LOTHIAN,B.1.1.7,35
70,WEST_MIDLANDS,B.1.1.7,13
70,WEST_SUSSEX,B.1.1.7,7
70,WIGAN,B.1.1.7,7
70,WILTSHIRE,B.1.1.7,10
70,WIRRAL,B.1.1.7,6
70,WORCESTERSHIRE,B.1.1.7,18
70,WREXHAM,B.1.1.7,16
70,YORK,B.1.1.7,8
70,YORKSHIRE,B.1.1.7,3
70,ABERDEEN,B.1.617.2,3
70,BEDFORDSHIRE,B.1.617.2,36
70,BELFAST,B.1.617.2,2
70,BIRMINGHAM,B.1.617.2,2
70,BOLTON,B.1.617.2,20
70,BRIDGEND,B.1.617.2,1
70,BRIGHTON_AND_HOVE,B.1.617.2,1
70,BUCKINGHAMSHIRE,B.1.617.2,7
70,CAMBRIDGESHIRE,B.1.617.2,2
70,CARDIFF,B.1.617.2,1
70,CONWY,B.1.617.2,1
70,COVENTRY,B.1.617.2,1
70,DERBYSHIRE,B.1.617.2,1
70,DEVON,B.1.617.2,2
70,DORSET,B.1.617.2,1
70,DUDLEY,B.1.617.2,1
70,DURHAM,B.1.617.2,4
70,EAST_DUNBARTONSHIRE,B.1.617.2,17
70,EAST_LOTHIAN,B.1.617.2,3
70,EAST_RENFREWSHIRE,B.1.617.2,2
70,EAST_RIDING_OF_YORKSHIRE,B.1.617.2,1
70,EDINBURGH,B.1.617.2,6
70,ESSEX,B.1.617.2,12
70,FIFE,B.1.617.2,9
70,GLASGOW,B.1.617.2,3
70,GREATER_LONDON,B.1.617.2,156
70,HAMPSHIRE,B.1.617.2,3
70,HERTFORDSHIRE,B.1.617.2,14
70,INVERCLYDE,B.1.617.2,3
70,ISLE_OF_WIGHT,B.1.617.2,1
70,KENT,B.1.617.2,16
70,KIRKLEES,B.1.617.2,1
70,LANCASHIRE,B.1.617.2,60
70,LEEDS,B.1.617.2,1
70,LEICESTERSHIRE,B.1.617.2,20
70,LINCOLNSHIRE,B.1.617.2,5
70,MANCHESTER,B.1.617.2,4
70,MILTON_KEYNES,B.1.617.2,1
70,NEWCASTLE_UPON_TYNE,B.1.617.2,2
70,NORFOLK,B.1.617.2,5
70,NORTHAMPTONSHIRE,B.1.617.2,12
70,NORTHUMBERLAND,B.1.617.2,1
70,NORTH_TYNESIDE,B.1.617.2,2
70,NORTH_YORKSHIRE,B.1.617.2,1
70,NOTTINGHAM,B.1.617.2,4
70,NOTTINGHAMSHIRE,B.1.617.2,20
70,OLDHAM,B.1.617.2,3
70,OXFORDSHIRE,B.1.617.2,3
70,PEMBROKESHIRE,B.1.617.2,1
70,REDCAR_AND_CLEVELAND,B.1.617.2,1
70,RENFREWSHIRE,B.1.617.2,1
70,ROCHDALE,B.1.617.2,1
70,SALFORD,B.1.617.2,1
70,SANDWELL,B.1.617.2,3
70,SEFTON,B.1.617.2,4
70,SHROPSHIRE,B.1.617.2,2
70,STAFFORDSHIRE,B.1.617.2,3
70,STOCKPORT,B.1.617.2,1
70,SUFFOLK,B.1.617.2,1
70,SURREY,B.1.617.2,2
70,SWINDON,B.1.617.2,7
70,TAMESIDE,B.1.617.2,1
70,WARWICKSHIRE,B.1.617.2,7
70,WILTSHIRE,B.1.617.2,5
70,WREXHAM,B.1.617.2,1
71,ABERDEEN,B.1.1.7,17
71,ABERDEENSHIRE,B.1.1.7,25
71,ANGLESEY,B.1.1.7,1
71,ANGUS,B.1.1.7,7
71,ANTRIM_AND_NEWTOWNABBEY,B.1.1.7,1
71,ARGYLL_AND_BUTE,B.1.1.7,1
71,BARNSLEY,B.1.1.7,2
71,BEDFORDSHIRE,B.1.1.7,25
71,BIRMINGHAM,B.1.1.7,40
71,BLACKPOOL,B.1.1.7,11
71,BOLTON,B.1.1.7,8
71,BRACKNELL_FOREST,B.1.1.7,2
71,BRADFORD,B.1.1.7,27
71,BRIDGEND,B.1.1.7,1
71,BRIGHTON_AND_HOVE,B.1.1.7,1
71,BUCKINGHAMSHIRE,B.1.1.7,29
71,BURY,B.1.1.7,1
71,CAERPHILLY,B.1.1.7,6
71,CALDERDALE,B.1.1.7,12
71,CAMBRIDGESHIRE,B.1.1.7,49
71,CARDIFF,B.1.1.7,28
71,CARMARTHENSHIRE,B.1.1.7,12
71,CEREDIGION,B.1.1.7,1
71,CHESHIRE_EAST,B.1.1.7,11
71,CHESHIRE_WEST_AND_CHESTER,B.1.1.7,4
71,CLACKMANNANSHIRE,B.1.1.7,8
71,CONWY,B.1.1.7,3
71,CORNWALL,B.1.1.7,1
71,COVENTRY,B.1.1.7,7
71,CUMBRIA,B.1.1.7,3
71,DENBIGHSHIRE,B.1.1.7,2
71,DERBY,B.1.1.7,3
71,DERBYSHIRE,B.1.1.7,227
71,DEVON,B.1.1.7,1
71,DONCASTER,B.1.1.7,18
71,DORSET,B.1.1.7,3
71,DUDLEY,B.1.1.7,6
71,DUMFRIES_AND_GALLOWAY,B.1.1.7,4
71,DUNDEE,B.1.1.7,17
71,DURHAM,B.1.1.7,11
71,EAST_AYRSHIRE,B.1.1.7,22
71,EAST_DUNBARTONSHIRE,B.1.1.7,18
71,EAST_LOTHIAN,B.1.1.7,4
71,EAST_RENFREWSHIRE,B.1.1.7,17
71,EAST_RIDING_OF_YORKSHIRE,B.1.1.7,19
71,EAST_SUSSEX,B.1.1.7,2
71,EDINBURGH,B.1.1.7,53
71,ESSEX,B.1.1.7,41
71,FALKIRK,B.1.1.7,29
71,FIFE,B.1.1.7,55
71,FLINTSHIRE,B.1.1.7,2
71,GATESHEAD,B.1.1.7,2
71,GLASGOW,B.1.1.7,164
71,GLOUCESTERSHIRE,B.1.1.7,1
71,GREATER_LONDON,B.1.1.7,219
71,GWYNEDD,B.1.1.7,3
71,HAMPSHIRE,B.1.1.7,36
71,HEREFORDSHIRE,B.1.1.7,15
71,HERTFORDSHIRE,B.1.1.7,56
71,HIGHLAND,B.1.1.7,8
71,INVERCLYDE,B.1.1.7,1
71,ISLE_OF_WIGHT,B.1.1.7,2
71,KENT,B.1.1.7,66
71,KIRKLEES,B.1.1.7,6
71,KNOWSLEY,B.1.1.7,1
71,LANCASHIRE,B.1.1.7,144
71,LEEDS,B.1.1.7,28
71,LEICESTERSHIRE,B.1.1.7,141
71,LINCOLNSHIRE,B.1.1.7,95
71,MANCHESTER,B.1.1.7,35
71,MERTHYR_TYDFIL,B.1.1.7,1
71,MIDDLESBROUGH,B.1.1.7,6
71,MIDLOTHIAN,B.1.1.7,20
71,MID_AND_EAST_ANTRIM,B.1.1.7,1
71,MILTON_KEYNES,B.1.1.7,6
71,MONMOUTHSHIRE,B.1.1.7,3
71,MORAY,B.1.1.7,70
71,NEATH_PORT_TALBOT,B.1.1.7,1
71,NEWCASTLE_UPON_TYNE,B.1.1.7,14
71,NEWPORT,B.1.1.7,26
71,NORFOLK,B.1.1.7,70
71,NORTHAMPTONSHIRE,B.1.1.7,129
71,NORTHUMBERLAND,B.1.1.7,10
71,NORTH_AYRSHIRE,B.1.1.7,30
71,NORTH_LANARKSHIRE,B.1.1.7,59
71,NORTH_TYNESIDE,B.1.1.7,1
71,NORTH_YORKSHIRE,B.1.1.7,21
71,NOTTINGHAM,B.1.1.7,2
71,NOTTINGHAMSHIRE,B.1.1.7,78
71,OLDHAM,B.1.1.7,36
71,OXFORDSHIRE,B.1.1.7,34
71,PEMBROKESHIRE,B.1.1.7,3
71,PERTHSHIRE_AND_KINROSS,B.1.1.7,8
71,PETERBOROUGH,B.1.1.7,10
71,PORTSMOUTH,B.1.1.7,1
71,POWYS,B.1.1.7,8
71,REDCAR_AND_CLEVELAND,B.1.1.7,4
71,RENFREWSHIRE,B.1.1.7,15
71,RHONDDA_CYNON_TAFF,B.1.1.7,6
71,ROCHDALE,B.1.1.7,3
71,ROTHERHAM,B.1.1.7,4
71,RUTLAND,B.1.1.7,2
71,SALFORD,B.1.1.7,21
71,SANDWELL,B.1.1.7,20
71,SCOTTISH_BORDERS,B.1.1.7,2
71,SEFTON,B.1.1.7,5
71,SHEFFIELD,B.1.1.7,29
71,SHROPSHIRE,B.1.1.7,28
71,SOLIHULL,B.1.1.7,1
71,SOUTHEND-ON-SEA,B.1.1.7,5
71,SOUTH_AYRSHIRE,B.1.1.7,9
71,SOUTH_LANARKSHIRE,B.1.1.7,34
71,SOUTH_TYNESIDE,B.1.1.7,1
71,STAFFORDSHIRE,B.1.1.7,76
71,STIRLING,B.1.1.7,6
71,STOCKPORT,B.1.1.7,14
71,SUFFOLK,B.1.1.7,46
71,SUNDERLAND,B.1.1.7,1
71,SURREY,B.1.1.7,18
71,SWANSEA,B.1.1.7,5
71,TAMESIDE,B.1.1.7,16
71,TELFORD_AND_WREKIN,B.1.1.7,2
71,THURROCK,B.1.1.7,1
71,TRAFFORD,B.1.1.7,8
71,VALE_OF_GLAMORGAN,B.1.1.7,3
71,WAKEFIELD,B.1.1.7,3
71,WALSALL,B.1.1.7,8
71,WARWICKSHIRE,B.1.1.7,64
71,WEST_BERKSHIRE,B.1.1.7,1
71,WEST_DUNBARTONSHIRE,B.1.1.7,5
71,WEST_LOTHIAN,B.1.1.7,27
71,WEST_MIDLANDS,B.1.1.7,49
71,WEST_SUSSEX,B.1.1.7,6
71,WIGAN,B.1.1.7,7
71,WILTSHIRE,B.1.1.7,3
71,WIRRAL,B.1.1.7,3
71,WOLVERHAMPTON,B.1.1.7,1
71,WORCESTERSHIRE,B.1.1.7,7
71,WREXHAM,B.1.1.7,8
71,YORK,B.1.1.7,2
71,YORKSHIRE,B.1.1.7,1
71,ABERDEEN,B.1.617.2,2
71,BEDFORDSHIRE,B.1.617.2,86
71,BIRMINGHAM,B.1.617.2,4
71,BOLTON,B.1.617.2,62
71,BRACKNELL_FOREST,B.1.617.2,1
71,BRADFORD,B.1.617.2,2
71,BUCKINGHAMSHIRE,B.1.617.2,2
71,BURY,B.1.617.2,4
71,CAMBRIDGESHIRE,B.1.617.2,2
71,CARDIFF,B.1.617.2,10
71,CLACKMANNANSHIRE,B.1.617.2,4
71,COVENTRY,B.1.617.2,2
71,DERBYSHIRE,B.1.617.2,4
71,DEVON,B.1.617.2,2
71,DORSET,B.1.617.2,1
71,DUNDEE,B.1.617.2,1
71,DURHAM,B.1.617.2,3
71,EAST_DUNBARTONSHIRE,B.1.617.2,2
71,EAST_RENFREWSHIRE,B.1.617.2,1
71,EAST_SUSSEX,B.1.617.2,1
71,EDINBURGH,B.1.617.2,8
71,ESSEX,B.1.617.2,13
71,FIFE,B.1.617.2,1
71,GLASGOW,B.1.617.2,30
71,GREATER_LONDON,B.1.617.2,176
71,HAMPSHIRE,B.1.617.2,22
71,HEREFORDSHIRE,B.1.617.2,7
71,HERTFORDSHIRE,B.1.617.2,19
71,KENT,B.1.617.2,15
71,KIRKLEES,B.1.617.2,1
71,LANCASHIRE,B.1.617.2,154
71,LEEDS,B.1.617.2,1
71,LEICESTERSHIRE,B.1.617.2,32
71,LINCOLNSHIRE,B.1.617.2,1
71,MANCHESTER,B.1.617.2,1
71,MIDDLESBROUGH,B.1.617.2,1
71,MILTON_KEYNES,B.1.617.2,2
71,NEATH_PORT_TALBOT,B.1.617.2,2
71,NORFOLK,B.1.617.2,3
71,NORTHAMPTONSHIRE,B.1.617.2,39
71,NORTH_LANARKSHIRE,B.1.617.2,4
71,NORTH_TYNESIDE,B.1.617.2,1
71,NOTTINGHAM,B.1.617.2,2
71,NOTTINGHAMSHIRE,B.1.617.2,58
71,OLDHAM,B.1.617.2,2
71,OXFORDSHIRE,B.1.617.2,4
71,RENFREWSHIRE,B.1.617.2,1
71,ROCHDALE,B.1.617.2,2
71,SALFORD,B.1.617.2,4
71,SANDWELL,B.1.617.2,6
71,SEFTON,B.1.617.2,20
71,SOMERSET,B.1.617.2,2
71,SOUTH_LANARKSHIRE,B.1.617.2,1
71,STIRLING,B.1.617.2,1
71,STOCKPORT,B.1.617.2,1
71,SUFFOLK,B.1.617.2,1
71,SURREY,B.1.617.2,7
71,SWANSEA,B.1.617.2,1
71,TAMESIDE,B.1.617.2,2
71,WALSALL,B.1.617.2,1
71,WARWICKSHIRE,B.1.617.2,4
71,WEST_MIDLANDS,B.1.617.2,7
71,WEST_SUSSEX,B.1.617.2,3
71,WIGAN,B.1.617.2,5
71,WILTSHIRE,B.1.617.2,6
71,WIRRAL,B.1.617.2,1
71,WOKINGHAM,B.1.617.2,1
71,WOLVERHAMPTON,B.1.617.2,4
71,WORCESTERSHIRE,B.1.617.2,3
71,WREXHAM,B.1.617.2,1
72,BEDFORDSHIRE,B.1.1.7,7
72,BUCKINGHAMSHIRE,B.1.1.7,2
72,CAMBRIDGESHIRE,B.1.1.7,2
72,CARDIFF,B.1.1.7,1
72,CUMBRIA,B.1.1.7,1
72,DERBYSHIRE,B.1.1.7,28
72,DEVON,B.1.1.7,13
72,DONCASTER,B.1.1.7,2
72,EAST_RIDING_OF_YORKSHIRE,B.1.1.7,1
72,EAST_SUSSEX,B.1.1.7,1
72,EDINBURGH,B.1.1.7,1
72,ESSEX,B.1.1.7,7
72,FLINTSHIRE,B.1.1.7,1
72,GREATER_LONDON,B.1.1.7,34
72,HAMPSHIRE,B.1.1.7,5
72,HERTFORDSHIRE,B.1.1.7,6
72,KENT,B.1.1.7,6
72,LANCASHIRE,B.1.1.7,14
72,LEICESTERSHIRE,B.1.1.7,14
72,NORFOLK,B.1.1.7,3
72,NORTHAMPTONSHIRE,B.1.1.7,13
72,NOTTINGHAMSHIRE,B.1.1.7,16
72,OXFORDSHIRE,B.1.1.7,1
72,SHROPSHIRE,B.1.1.7,1
72,SOUTH_TYNESIDE,B.1.1.7,2
72,STAFFORDSHIRE,B.1.1.7,14
72,SUFFOLK,B.1.1.7,4
72,SURREY,B.1.1.7,1
72,WARWICKSHIRE,B.1.1.7,7
72,WEST_LOTHIAN,B.1.1.7,1
72,WEST_MIDLANDS,B.1.1.7,21
72,WEST_SUSSEX,B.1.1.7,1
72,WORCESTERSHIRE,B.1.1.7,5
72,BEDFORDSHIRE,B.1.617.2,21
72,BUCKINGHAMSHIRE,B.1.617.2,2
72,DERBYSHIRE,B.1.617.2,1
72,ESSEX,B.1.617.2,2
72,GREATER_LONDON,B.1.617.2,34
72,HAMPSHIRE,B.1.617.2,2
72,HEREFORDSHIRE,B.1.617.2,1
72,HERTFORDSHIRE,B.1.617.2,3
72,KENT,B.1.617.2,1
72,LANCASHIRE,B.1.617.2,28
72,LEICESTERSHIRE,B.1.617.2,15
72,NORTHAMPTONSHIRE,B.1.617.2,2
72,NOTTINGHAMSHIRE,B.1.617.2,10
72,SURREY,B.1.617.2,2
72,WEST_MIDLANDS,B.1.617.2,8
72,WILTSHIRE,B.1.617.2,1
